-- phpMyAdmin SQL Dump
-- version 4.7.3
-- https://www.phpmyadmin.net/
--
-- Hôte : canmunss.mysql.db
-- Généré le :  mar. 12 déc. 2017 à 20:02
-- Version du serveur :  5.5.55-0+deb7u1-log
-- Version de PHP :  5.6.30-0+deb8u1

SET SQL_MODE = "NO_AUTO_VALUE_ON_ZERO";
SET AUTOCOMMIT = 0;
START TRANSACTION;
SET time_zone = "+00:00";


/*!40101 SET @OLD_CHARACTER_SET_CLIENT=@@CHARACTER_SET_CLIENT */;
/*!40101 SET @OLD_CHARACTER_SET_RESULTS=@@CHARACTER_SET_RESULTS */;
/*!40101 SET @OLD_COLLATION_CONNECTION=@@COLLATION_CONNECTION */;
/*!40101 SET NAMES utf8mb4 */;

--
-- Base de données :  `canmunss`
--

-- --------------------------------------------------------

--
-- Structure de la table `ss_address_component`
--

CREATE TABLE IF NOT EXISTS `ss_address_component` (
  `ss_address_component_id` int(11) NOT NULL AUTO_INCREMENT,
  `long_name` varchar(255) NOT NULL,
  `short_name` varchar(255) NOT NULL,
  `type` int(11) NOT NULL,
  `spots_id` int(11) NOT NULL,
  PRIMARY KEY (`ss_address_component_id`),
  KEY `type` (`type`,`spots_id`),
  KEY `spots_id` (`spots_id`)
) ENGINE=InnoDB AUTO_INCREMENT=307 DEFAULT CHARSET=utf8;

--
-- Déchargement des données de la table `ss_address_component`
--

INSERT IGNORE INTO `ss_address_component` (`ss_address_component_id`, `long_name`, `short_name`, `type`, `spots_id`) VALUES
(14, '15', '15', 8, 10),
(15, 'Tunnel de Nanterre-La Défense', 'Tunnel de Nanterre-La Défense', 2, 10),
(16, 'Paris La Défense', 'Paris La Défense', 4, 10),
(17, 'Hauts-de-Seine', 'Hauts-de-Seine', 5, 10),
(18, 'Île-de-France', 'Île-de-France', 6, 10),
(19, '92092', '92092', 7, 10),
(20, '1', '1', 9, 11),
(21, 'Electric Avenue', 'Electric Ave', 2, 11),
(22, 'Sparks', 'Sparks', 4, 11),
(23, 'Storey County', 'Storey County', 5, 11),
(24, 'Nevada', 'NV', 6, 11),
(25, '89434', '89434', 7, 11),
(26, '135', '135', 8, 12),
(27, 'Wardour Street', 'Wardour St', 2, 12),
(28, 'Soho', 'Soho', 3, 12),
(29, 'Londres', 'Londres', 4, 12),
(30, 'London', 'London', 10, 12),
(31, 'Greater London', 'Greater London', 5, 12),
(32, 'England', 'England', 6, 12),
(33, 'W1F 0UT', 'W1F 0UT', 7, 12),
(34, '22', '22', 8, 13),
(35, 'Rue Dupont des Loges', 'Rue Dupont des Loges', 2, 13),
(36, 'Metz', 'Metz', 4, 13),
(37, 'Moselle', 'Moselle', 5, 13),
(38, 'Grand Est', 'Grand Est', 6, 13),
(39, '57000', '57000', 7, 13),
(40, '99', '99', 8, 14),
(41, 'Rue de Flandre', 'Rue de Flandre', 2, 14),
(42, 'Bruxelles', 'Bruxelles', 4, 14),
(43, 'Bruxelles', 'Bruxelles', 6, 14),
(44, '1000', '1000', 7, 14),
(45, '3', '3', 8, 15),
(46, 'Rue Mandar', 'Rue Mandar', 2, 15),
(47, 'Paris', 'Paris', 4, 15),
(48, 'Paris', 'Paris', 5, 15),
(49, 'Île-de-France', 'Île-de-France', 6, 15),
(50, '75002', '75002', 7, 15),
(51, '30', '30', 8, 16),
(52, 'Rue de l\'Ange', 'Rue de l\'Ange', 2, 16),
(53, 'Namur', 'Namur', 4, 16),
(54, 'Namur', 'NA', 5, 16),
(55, 'Wallonie', 'Wallonie', 6, 16),
(56, '5000', '5000', 7, 16),
(57, '1', '1', 8, 17),
(58, 'Rue des Innocents', 'Rue des Innocents', 2, 17),
(59, 'Paris', 'Paris', 4, 17),
(60, 'Paris', 'Paris', 5, 17),
(61, 'Île-de-France', 'Île-de-France', 6, 17),
(62, '75001', '75001', 7, 17),
(63, '599', '599', 8, 18),
(64, 'Route de Longwy', 'Route de Longwy', 2, 18),
(65, 'Arlon', 'Arlon', 4, 18),
(66, 'Luxembourg', 'LX', 5, 18),
(67, 'Wallonie', 'Wallonie', 6, 18),
(68, '6700', '6700', 7, 18),
(69, '142', '142', 8, 19),
(70, 'Rue Val Ste-Croix', 'Rue Val Ste-Croix', 2, 19),
(71, 'Luxembourg', 'Luxembourg', 4, 19),
(72, 'Luxembourg', 'Luxembourg', 5, 19),
(73, 'District de Luxembourg', 'District de Luxembourg', 6, 19),
(74, '1370', '1370', 7, 19),
(75, '1800', '1800', 8, 20),
(76, 'Northeast Alberta Street', 'NE Alberta St', 2, 20),
(77, 'Northeast Portland', 'Northeast Portland', 3, 20),
(78, 'Portland', 'Portland', 4, 20),
(79, 'Multnomah County', 'Multnomah County', 5, 20),
(80, 'Oregon', 'OR', 6, 20),
(81, '97211', '97211', 7, 20),
(82, '951', '951', 8, 21),
(83, 'Rue Rachel Est', 'Rue Rachel E', 2, 21),
(84, 'Le Plateau-Mont-Royal', 'Le Plateau-Mont-Royal', 11, 21),
(85, 'Montréal', 'Montréal', 4, 21),
(86, 'Communauté-Urbaine-de-Montréal', 'Communauté-Urbaine-de-Montréal', 5, 21),
(87, 'Québec', 'QC', 6, 21),
(88, 'H2J 2J4', 'H2J 2J4', 7, 21),
(89, '337', '337', 8, 22),
(90, 'Rue du Général Leclerc', 'Rue du Général Leclerc', 2, 22),
(91, 'Franconville', 'Franconville', 4, 22),
(92, 'Val-d\'Oise', 'Val-d\'Oise', 5, 22),
(93, 'Île-de-France', 'Île-de-France', 6, 22),
(94, '95130', '95130', 7, 22),
(95, '195', '195', 8, 23),
(96, 'Centre Street', 'Centre St', 2, 23),
(97, 'Carroll Gardens', 'Carroll Gardens', 3, 23),
(98, 'Brooklyn', 'Brooklyn', 11, 23),
(99, 'Kings County', 'Kings County', 5, 23),
(100, 'New York', 'NY', 6, 23),
(101, '11231', '11231', 7, 23),
(102, '93-95', '93-95', 8, 24),
(103, 'Rechte Wienzeile', 'Rechte Wienzeile', 2, 24),
(104, 'Margareten', 'Margareten', 11, 24),
(105, 'Wien', 'Wien', 4, 24),
(106, 'Wien', 'Wien', 6, 24),
(107, '1050', '1050', 7, 24),
(108, '11', '11', 8, 25),
(109, 'Plaça Reial', 'Plaça Reial', 2, 25),
(110, 'Barcelona', 'Barcelona', 4, 25),
(111, 'Barcelona', 'Barcelona', 5, 25),
(112, 'Catalunya', 'CT', 6, 25),
(113, '08002', '08002', 7, 25),
(114, '450', '450', 8, 26),
(115, 'Rua Oscar Freire', 'Rua Oscar Freire', 2, 26),
(116, 'Cerqueira César', 'Cerqueira César', 11, 26),
(117, 'São Paulo', 'São Paulo', 4, 26),
(118, 'São Paulo', 'São Paulo', 5, 26),
(119, 'São Paulo', 'SP', 6, 26),
(120, '01426-000', '01426-000', 7, 26),
(121, '68A', '68A', 8, 27),
(122, 'Viale Vaticano', 'Viale Vaticano', 2, 27),
(123, 'Roma', 'Roma', 4, 27),
(124, 'Roma', 'Roma', 12, 27),
(125, 'Città Metropolitana di Roma', 'RM', 5, 27),
(126, 'Lazio', 'Lazio', 6, 27),
(127, '00136', '00136', 7, 27),
(128, 'Tapiales', 'Tapiales', 4, 28),
(129, 'La Matanza', 'La Matanza', 5, 28),
(130, 'Buenos Aires', 'Buenos Aires', 6, 28),
(131, 'B1771B1A', 'B1771B1A', 7, 28),
(132, '150', '150', 8, 29),
(133, 'London Wall', 'London Wall', 2, 29),
(134, 'Londres', 'Londres', 4, 29),
(135, 'London', 'London', 10, 29),
(136, 'Greater London', 'Greater London', 5, 29),
(137, 'England', 'England', 6, 29),
(138, 'EC2Y 5HN', 'EC2Y 5HN', 7, 29),
(139, 'Soho', 'Soho', 3, 30),
(140, 'Londres', 'Londres', 4, 30),
(141, 'Londres', 'Londres', 10, 30),
(142, 'Grand Londres', 'Grand Londres', 5, 30),
(143, 'Angleterre', 'Angleterre', 6, 30),
(144, 'W1D', 'W1D', 13, 30),
(145, '23-25', '23-25', 8, 31),
(146, 'Old Compton Street', 'Old Compton St', 2, 31),
(147, 'Soho', 'Soho', 3, 31),
(148, 'Londres', 'Londres', 4, 31),
(149, 'London', 'London', 10, 31),
(150, 'Greater London', 'Greater London', 5, 31),
(151, 'England', 'England', 6, 31),
(152, 'W1D 5JL', 'W1D 5JL', 7, 31),
(153, '3', '3', 8, 32),
(154, 'Coventry Street', 'Coventry St', 2, 32),
(155, 'Londres', 'Londres', 4, 32),
(156, 'London', 'London', 10, 32),
(157, 'Greater London', 'Greater London', 5, 32),
(158, 'England', 'England', 6, 32),
(159, 'W1D 6BL', 'W1D 6BL', 7, 32),
(160, 'The Mound', 'The Mound', 2, 33),
(161, 'Édimbourg', 'Édimbourg', 4, 33),
(162, 'Edinburgh', 'Edinburgh', 10, 33),
(163, 'Edinburgh', 'Edinburgh', 5, 33),
(164, 'Scotland', 'Scotland', 6, 33),
(165, 'EH2 2EL', 'EH2 2EL', 7, 33),
(166, 'Waverley Railway Station', 'Waverley Railway Station', 9, 34),
(167, 'Édimbourg', 'Édimbourg', 4, 34),
(168, 'Edinburgh', 'Edinburgh', 10, 34),
(169, 'Edinburgh', 'Edinburgh', 5, 34),
(170, 'Scotland', 'Scotland', 6, 34),
(171, 'EH1 1BB', 'EH1 1BB', 7, 34),
(172, '22/23', '22/23', 8, 35),
(173, 'Via dei Soldati', 'Via dei Soldati', 2, 35),
(174, 'Roma', 'Roma', 4, 35),
(175, 'Roma', 'Roma', 12, 35),
(176, 'Città Metropolitana di Roma', 'RM', 5, 35),
(177, 'Lazio', 'Lazio', 6, 35),
(178, '00186', '00186', 7, 35),
(179, '37', '37', 8, 36),
(180, 'Via dei Genovesi', 'Via dei Genovesi', 2, 36),
(181, 'Roma', 'Roma', 4, 36),
(182, 'Roma', 'Roma', 12, 36),
(183, 'Città Metropolitana di Roma', 'RM', 5, 36),
(184, 'Lazio', 'Lazio', 6, 36),
(185, '00153', '00153', 7, 36),
(186, '36', '36', 8, 37),
(187, 'Piazza Augusto Imperatore', 'Piazza Augusto Imperatore', 2, 37),
(188, 'Roma', 'Roma', 4, 37),
(189, 'Roma', 'Roma', 12, 37),
(190, 'Città Metropolitana di Roma', 'RM', 5, 37),
(191, 'Lazio', 'Lazio', 6, 37),
(192, '00186', '00186', 7, 37),
(193, '44', '44', 8, 38),
(194, 'Piazza delle Coppelle', 'Piazza delle Coppelle', 2, 38),
(195, 'Roma', 'Roma', 4, 38),
(196, 'Roma', 'Roma', 12, 38),
(197, 'Città Metropolitana di Roma', 'RM', 5, 38),
(198, 'Lazio', 'Lazio', 6, 38),
(199, '00186', '00186', 7, 38),
(200, '16', '16', 8, 39),
(201, 'Via dei Vascellari', 'Via dei Vascellari', 2, 39),
(202, 'Roma', 'Roma', 4, 39),
(203, 'Roma', 'Roma', 12, 39),
(204, 'Città Metropolitana di Roma', 'RM', 5, 39),
(205, 'Lazio', 'Lazio', 6, 39),
(206, '00153', '00153', 7, 39),
(207, '23', '23', 8, 40),
(208, 'Kuipersstraat', 'Kuipersstraat', 2, 40),
(209, 'Brugge', 'Brugge', 4, 40),
(210, 'West-Vlaanderen', 'WV', 5, 40),
(211, 'Vlaanderen', 'Vlaanderen', 6, 40),
(212, '8000', '8000', 7, 40),
(213, '8', '8', 8, 41),
(214, 'Sint Jacobsstraat', 'Sint Jacobsstraat', 2, 41),
(215, 'Centrum', 'Centrum', 11, 41),
(216, 'Amsterdam', 'Amsterdam', 4, 41),
(217, 'Amsterdam', 'Amsterdam', 5, 41),
(218, 'Noord-Holland', 'NH', 6, 41),
(219, '1012 NC', '1012 NC', 7, 41),
(220, '28', '28', 8, 42),
(221, 'Rue de la Gare', 'Rue de la Gare', 2, 42),
(222, 'Clemency', 'Clemency', 11, 42),
(223, 'Käerjeng', 'Käerjeng', 4, 42),
(224, 'Capellen', 'Capellen', 5, 42),
(225, 'District de Luxembourg', 'District de Luxembourg', 6, 42),
(226, '4966', '4966', 7, 42),
(227, '13', '13', 8, 43),
(228, 'Rue de Luxembourg', 'Rue de Luxembourg', 2, 43),
(229, 'Habay', 'Habay', 4, 43),
(230, 'Luxembourg', 'LX', 5, 43),
(231, 'Wallonie', 'Wallonie', 6, 43),
(232, '6720', '6720', 7, 43),
(233, 'Habay-la-Neuve', 'Habay-la-Neuve', 4, 44),
(234, 'Luxembourg', 'LX', 5, 44),
(235, 'Wallonie', 'Wallonie', 6, 44),
(236, '6720', '6720', 7, 44),
(237, '7', '7', 8, 45),
(238, 'Avenue du Rock\'n\'Roll', 'Avenue du Rock\'n\'Roll', 2, 45),
(239, 'Esch-sur-Alzette', 'Esch-sur-Alzette', 4, 45),
(240, 'Esch-sur-Alzette', 'Esch-sur-Alzette', 5, 45),
(241, 'District de Luxembourg', 'District de Luxembourg', 6, 45),
(242, '4361', '4361', 7, 45),
(243, '55', '55', 8, 46),
(244, 'Grand-Rue', 'Grand-Rue', 2, 46),
(245, 'Athus (Aubange)', 'Athus (Aubange)', 4, 46),
(246, 'Luxembourg', 'LX', 5, 46),
(247, 'Wallonie', 'Wallonie', 6, 46),
(248, '6791', '6791', 7, 46),
(249, '2', '2', 8, 47),
(250, 'Rue d\'Athus', 'Rue d\'Athus', 2, 47),
(251, 'Petingen', 'Petingen', 4, 47),
(252, 'Kanton Esch an der Alzette', 'Kanton Esch an der Alzette', 5, 47),
(253, 'Distrikt Luxemburg', 'Distrikt Luxemburg', 6, 47),
(254, '4710', '4710', 7, 47),
(255, 'Luxembourg', 'Luxembourg', 4, 48),
(256, 'Luxembourg', 'Luxembourg', 5, 48),
(257, 'District de Luxembourg', 'District de Luxembourg', 6, 48),
(258, '1123', '1123', 7, 48),
(259, '97', '97', 8, 51),
(260, 'Grand-Rue', 'Grand-Rue', 2, 51),
(261, 'Athus', 'Athus', 11, 51),
(262, 'Aubange', 'Aubange', 4, 51),
(263, 'Luxembourg', 'LX', 5, 51),
(264, 'Wallonie', 'Wallonie', 6, 51),
(265, '6791', '6791', 7, 51),
(266, '1', '1', 8, 53),
(267, 'Rue Jean Fischbach', 'Rue Jean Fischbach', 2, 53),
(268, 'Leudelange', 'Leudelange', 4, 53),
(269, 'Esch-sur-Alzette', 'Esch-sur-Alzette', 5, 53),
(270, 'District de Luxembourg', 'District de Luxembourg', 6, 53),
(271, '3372', '3372', 7, 53),
(272, '26', '26', 8, 57),
(273, 'Rue Notre Dame', 'Rue Notre Dame', 2, 57),
(274, 'Luxembourg', 'Luxembourg', 4, 57),
(275, 'Luxembourg', 'Luxembourg', 5, 57),
(276, 'District de Luxembourg', 'District de Luxembourg', 6, 57),
(277, '2240', '2240', 7, 57),
(278, '3', '3', 8, 62),
(279, 'Rue Beaumont', 'Rue Beaumont', 2, 62),
(280, 'Luxembourg', 'Luxembourg', 4, 62),
(281, 'Luxembourg', 'Luxembourg', 5, 62),
(282, 'District de Luxembourg', 'District de Luxembourg', 6, 62),
(283, '1219', '1219', 7, 62),
(284, '2', '2', 8, 116),
(285, 'Rue de Luxembourg', 'Rue de Luxembourg', 2, 116),
(286, 'Leudelange', 'Leudelange', 4, 116),
(287, 'Esch-sur-Alzette', 'Esch-sur-Alzette', 5, 116),
(288, 'District de Luxembourg', 'District de Luxembourg', 6, 116),
(289, '3360', '3360', 7, 116),
(290, '12', '12', 8, 118),
(291, 'Avenue du Rock\'n\'Roll', 'Avenue du Rock\'n\'Roll', 2, 118),
(292, 'Esch-sur-Alzette', 'Esch-sur-Alzette', 4, 118),
(293, 'Esch-sur-Alzette', 'Esch-sur-Alzette', 5, 118),
(294, 'District de Luxembourg', 'District de Luxembourg', 6, 118),
(295, '4361', '4361', 7, 118),
(296, 'Avenue du Rock\'n\'Roll', 'Avenue du Rock\'n\'Roll', 2, 119),
(297, 'Esch-sur-Alzette', 'Esch-sur-Alzette', 4, 119),
(298, 'Esch-sur-Alzette', 'Esch-sur-Alzette', 5, 119),
(299, 'District de Luxembourg', 'District de Luxembourg', 6, 119),
(300, '4361', '4361', 7, 119),
(301, '4', '4', 8, 120),
(302, 'Rue du Village', 'Rue du Village', 2, 120),
(303, 'Aubange', 'Aubange', 4, 120),
(304, 'Luxembourg', 'LX', 5, 120),
(305, 'Wallonie', 'Wallonie', 6, 120),
(306, '6790', '6790', 7, 120);

-- --------------------------------------------------------

--
-- Structure de la table `ss_address_component_types`
--

CREATE TABLE IF NOT EXISTS `ss_address_component_types` (
  `address_component_types_id` int(11) NOT NULL AUTO_INCREMENT,
  `name` varchar(50) NOT NULL,
  PRIMARY KEY (`address_component_types_id`),
  UNIQUE KEY `address_component_types_name` (`name`)
) ENGINE=InnoDB AUTO_INCREMENT=14 DEFAULT CHARSET=utf8;

--
-- Déchargement des données de la table `ss_address_component_types`
--

INSERT IGNORE INTO `ss_address_component_types` (`address_component_types_id`, `name`) VALUES
(6, 'administrative_area_level_1'),
(5, 'administrative_area_level_2'),
(12, 'administrative_area_level_3'),
(4, 'locality'),
(3, 'neighborhood'),
(7, 'postal_code'),
(13, 'postal_code_prefix'),
(10, 'postal_town'),
(9, 'premise'),
(2, 'route'),
(8, 'street_number'),
(11, 'sublocality_level_1');

-- --------------------------------------------------------

--
-- Structure de la table `ss_category`
--

CREATE TABLE IF NOT EXISTS `ss_category` (
  `ID` int(11) NOT NULL,
  `category_name` text NOT NULL,
  PRIMARY KEY (`ID`),
  KEY `ID` (`ID`)
) ENGINE=InnoDB DEFAULT CHARSET=utf8;

--
-- Déchargement des données de la table `ss_category`
--

INSERT IGNORE INTO `ss_category` (`ID`, `category_name`) VALUES
(1, 'Sleeping'),
(2, 'Eating'),
(3, 'Drinking');

-- --------------------------------------------------------

--
-- Structure de la table `ss_category_spots`
--

CREATE TABLE IF NOT EXISTS `ss_category_spots` (
  `spots_id` int(11) NOT NULL,
  `category_id` int(11) NOT NULL,
  PRIMARY KEY (`spots_id`,`category_id`),
  KEY `category_id` (`category_id`)
) ENGINE=InnoDB DEFAULT CHARSET=utf8 COLLATE=utf8_bin;

-- --------------------------------------------------------

--
-- Structure de la table `ss_countries`
--

CREATE TABLE IF NOT EXISTS `ss_countries` (
  `ID` int(5) NOT NULL AUTO_INCREMENT,
  `COUNTRY_CODE` char(2) NOT NULL DEFAULT '',
  `country_name` varchar(45) NOT NULL DEFAULT '',
  `NORTH` varchar(30) DEFAULT NULL,
  `SOUTH` varchar(30) DEFAULT NULL,
  `EAST` varchar(30) DEFAULT NULL,
  `WEST` varchar(30) DEFAULT NULL,
  `ID_GEONAME` int(10) DEFAULT NULL,
  `image` varchar(100) NOT NULL,
  PRIMARY KEY (`ID`),
  UNIQUE KEY `COUNTRY_CODE` (`COUNTRY_CODE`)
) ENGINE=InnoDB AUTO_INCREMENT=251 DEFAULT CHARSET=utf8;

--
-- Déchargement des données de la table `ss_countries`
--

INSERT IGNORE INTO `ss_countries` (`ID`, `COUNTRY_CODE`, `country_name`, `NORTH`, `SOUTH`, `EAST`, `WEST`, `ID_GEONAME`, `image`) VALUES
(1, 'AD', 'Andorra', '42.65604389629997', '42.42849259876837', '1.7865427778319827', '1.4071867141112762', 3041565, '0'),
(2, 'AE', 'United Arab Emirates', '26.08415985107422', '22.633329391479492', '56.38166046142578', '51.58332824707031', 290557, '0'),
(3, 'AF', 'Afghanistan', '38.483418', '29.377472', '74.879448', '60.478443', 1149361, '0'),
(4, 'AG', 'Antigua and Barbuda', '17.729387', '16.996979', '-61.672421', '-61.906425', 3576396, '0'),
(5, 'AI', 'Anguilla', '18.283424', '18.166815', '-62.971359', '-63.172901', 3573511, '0'),
(6, 'AL', 'Albania', '42.665611', '39.648361', '21.068472', '19.293972', 783754, '0'),
(7, 'AM', 'Armenia', '41.301834', '38.830528', '46.772435045159995', '43.44978', 174982, '0'),
(8, 'AO', 'Angola', '-4.376826', '-18.042076', '24.082119', '11.679219', 3351879, '0'),
(9, 'AQ', 'Antarctica', '-60.515533', '-89.9999', '179.9999', '-179.9999', 6697173, '0'),
(10, 'AR', 'Argentina', '-21.781277', '-55.061314', '-53.591835', '-73.58297', 3865483, '0'),
(11, 'AS', 'American Samoa', '-11.0497', '-14.382478', '-169.416077', '-171.091888', 5880801, '0'),
(12, 'AT', 'Austria', '49.0211627691393', '46.3726520216244', '17.1620685652599', '9.53095237240833', 2782113, '0'),
(13, 'AU', 'Australia', '-10.062805', '-43.64397', '153.639252', '112.911057', 2077456, '0'),
(14, 'AW', 'Aruba', '12.623718127152925', '12.411707706190716', '-69.86575120104982', '-70.0644737196045', 3577279, '0'),
(15, 'AX', '├àland', '60.488861', '59.90675', '21.011862', '19.317694', 661882, '0'),
(16, 'AZ', 'Azerbaijan', '41.90564', '38.38915252685547', '50.370083', '44.774113', 587116, '0'),
(17, 'BA', 'Bosnia and Herzegovina', '45.239193', '42.546112', '19.622223', '15.718945', 3277605, '0'),
(18, 'BB', 'Barbados', '13.327257', '13.039844', '-59.420376', '-59.648922', 3374084, '0'),
(19, 'BD', 'Bangladesh', '26.631945', '20.743334', '92.673668', '88.028336', 1210997, '0'),
(20, 'BE', 'Belgium', '51.505444', '49.49361', '6.403861', '2.546944', 2802361, 'assets/images/temp/belgium.jpg'),
(21, 'BF', 'Burkina Faso', '15.082593', '9.401108', '2.405395', '-5.518916', 2361809, '0'),
(22, 'BG', 'Bulgaria', '44.21764', '41.242084', '28.612167', '22.371166', 732800, '0'),
(23, 'BH', 'Bahrain', '26.282583', '25.796862', '50.664471', '50.45414', 290291, '0'),
(24, 'BI', 'Burundi', '-2.310123', '-4.465713', '30.847729', '28.993061', 433561, '0'),
(25, 'BJ', 'Benin', '12.418347', '6.225748', '3.851701', '0.774575', 2395170, '0'),
(26, 'BL', 'Saint Barth├®lemy', '17.928808791949283', '17.878183227405575', '-62.788983372985854', '-62.8739118253784', 3578476, '0'),
(27, 'BM', 'Bermuda', '32.393833', '32.246639', '-64.651993', '-64.89605', 3573345, '0'),
(28, 'BN', 'Brunei', '5.047167', '4.003083', '115.359444', '114.071442', 1820814, '0'),
(29, 'BO', 'Bolivia', '-9.680567', '-22.896133', '-57.45809600000001', '-69.640762', 3923057, '0'),
(30, 'BQ', 'Bonaire', '12.304535', '12.017149', '-68.192307', '-68.416458', 7626844, '0'),
(31, 'BR', 'Brazil', '5.264877', '-33.750706', '-32.392998', '-73.985535', 3469034, '0'),
(32, 'BS', 'Bahamas', '26.919243', '22.852743', '-74.423874', '-78.995911', 3572887, '0'),
(33, 'BT', 'Bhutan', '28.323778', '26.70764', '92.125191', '88.75972', 1252634, '0'),
(34, 'BV', 'Bouvet Island', '-54.400322', '-54.462383', '3.487976', '3.335499', 3371123, '0'),
(35, 'BW', 'Botswana', '-17.780813', '-26.907246', '29.360781', '19.999535', 933860, '0'),
(36, 'BY', 'Belarus', '56.165806', '51.256416', '32.770805', '23.176889', 630336, '0'),
(37, 'BZ', 'Belize', '18.496557', '15.8893', '-87.776985', '-89.224815', 3582678, '0'),
(38, 'CA', 'Canada', '83.110626', '41.67598', '-52.636291', '-141', 6251999, '0'),
(39, 'CC', 'Cocos [Keeling] Islands', '-12.072459094', '-12.208725839', '96.929489344', '96.816941408', 1547376, '0'),
(40, 'CD', 'Democratic Republic of the Congo', '5.386098', '-13.455675', '31.305912', '12.204144', 203312, '0'),
(41, 'CF', 'Central African Republic', '11.007569', '2.220514', '27.463421', '14.420097', 239880, '0'),
(42, 'CG', 'Republic of the Congo', '3.703082', '-5.027223', '18.649839', '11.205009', 2260494, '0'),
(43, 'CH', 'Switzerland', '47.805332', '45.825695', '10.491472', '5.957472', 2658434, '0'),
(44, 'CI', 'Ivory Coast', '10.736642', '4.357067', '-2.494897', '-8.599302', 2287781, '0'),
(45, 'CK', 'Cook Islands', '-10.023114', '-21.944164', '-157.312134', '-161.093658', 1899402, '0'),
(46, 'CL', 'Chile', '-17.507553', '-55.9256225109217', '-66.417557', '-80.785851', 3895114, '0'),
(47, 'CM', 'Cameroon', '13.078056', '1.652548', '16.192116', '8.494763', 2233387, '0'),
(48, 'CN', 'China', '53.56086', '15.775416', '134.773911', '73.557693', 1814991, 'assets/images/temp/china.jpg'),
(49, 'CO', 'Colombia', '13.380502', '-4.225869', '-66.869835', '-81.728111', 3686110, '0'),
(50, 'CR', 'Costa Rica', '11.216819', '8.032975', '-82.555992', '-85.950623', 3624060, '0'),
(51, 'CU', 'Cuba', '23.226042', '19.828083', '-74.131775', '-84.957428', 3562981, '0'),
(52, 'CV', 'Cape Verde', '17.197178', '14.808022', '-22.669443', '-25.358747', 3374766, '0'),
(53, 'CW', 'Curacao', '12.385672', '12.032745', '-68.733948', '-69.157204', 7626836, '0'),
(54, 'CX', 'Christmas Island', '-10.412356007', '-10.5704829995', '105.712596992', '105.533276992', 2078138, '0'),
(55, 'CY', 'Cyprus', '35.701527', '34.6332846722908', '34.59791599999994', '32.27308300000004', 146669, '0'),
(56, 'CZ', 'Czech Republic', '51.058887', '48.542915', '18.860111', '12.096194', 3077311, '0'),
(57, 'DE', 'Germany', '55.055637', '47.275776', '15.039889', '5.865639', 2921044, '0'),
(58, 'DJ', 'Djibouti', '12.706833', '10.909917', '43.416973', '41.773472', 223816, '0'),
(59, 'DK', 'Denmark', '57.748417', '54.562389', '15.158834', '8.075611', 2623032, '0'),
(60, 'DM', 'Dominica', '15.631809', '15.20169', '-61.244152', '-61.484108', 3575830, '0'),
(61, 'DO', 'Dominican Republic', '19.929859', '17.543159', '-68.32', '-72.003487', 3508796, '0'),
(62, 'DZ', 'Algeria', '37.093723', '18.960028', '11.979548', '-8.673868', 2589581, '0'),
(63, 'EC', 'Ecuador', '1.43902', '-4.998823', '-75.184586', '-81.078598', 3658394, '0'),
(64, 'EE', 'Estonia', '59.676224', '57.516193', '28.209972', '21.837584', 453733, '0'),
(65, 'EG', 'Egypt', '31.667334', '21.725389', '36.89833068847656', '24.698111', 357994, '0'),
(66, 'EH', 'Western Sahara', '27.669674', '20.774158', '-8.670276', '-17.103182', 2461445, '0'),
(67, 'ER', 'Eritrea', '18.003084', '12.359555', '43.13464', '36.438778', 338010, '0'),
(68, 'ES', 'Spain', '43.7913565913767', '36.0001044260548', '4.32778473043961', '-9.30151567231899', 2510769, 'assets/images/temp/spain.jpg'),
(69, 'ET', 'Ethiopia', '14.89375', '3.402422', '47.986179', '32.999939', 337996, '0'),
(70, 'FI', 'Finland', '70.096054', '59.808777', '31.580944', '20.556944', 660013, '0'),
(71, 'FJ', 'Fiji', '-12.480111', '-20.67597', '-178.424438', '177.129334', 2205218, '0'),
(72, 'FK', 'Falkland Islands', '-51.24065', '-52.360512', '-57.712486', '-61.345192', 3474414, '0'),
(73, 'FM', 'Micronesia', '10.08904', '1.02629', '163.03717', '137.33648', 2081918, '0'),
(74, 'FO', 'Faroe Islands', '62.400749', '61.394943', '-6.399583', '-7.458', 2622320, '0'),
(75, 'FR', 'France', '51.092804', '41.371582', '9.561556', '-5.142222', 3017382, 'assets/images/temp/france.jpg'),
(76, 'GA', 'Gabon', '2.322612', '-3.978806', '14.502347', '8.695471', 2400553, '0'),
(77, 'GB', 'United Kingdom', '59.360249', '49.906193', '1.759', '-8.623555', 2635167, '0'),
(78, 'GD', 'Grenada', '12.318283928171299', '11.986893', '-61.57676970108031', '-61.802344', 3580239, '0'),
(79, 'GE', 'Georgia', '43.586498', '41.053196', '46.725971', '40.010139', 614540, '0'),
(80, 'GF', 'French Guiana', '5.776496', '2.127094', '-51.613949', '-54.542511', 3381670, '0'),
(81, 'GG', 'Guernsey', '49.731727816705416', '49.40764156876899', '-2.1577152112246267', '-2.673194593476069', 3042362, '0'),
(82, 'GH', 'Ghana', '11.173301', '4.736723', '1.191781', '-3.25542', 2300660, '0'),
(83, 'GI', 'Gibraltar', '36.155439135670726', '36.10903070140248', '-5.338285164001491', '-5.36626149743654', 2411586, '0'),
(84, 'GL', 'Greenland', '83.627357', '59.777401', '-11.312319', '-73.04203', 3425505, '0'),
(85, 'GM', 'Gambia', '13.826571', '13.064252', '-13.797793', '-16.825079', 2413451, '0'),
(86, 'GN', 'Guinea', '12.67622', '7.193553', '-7.641071', '-14.926619', 2420477, '0'),
(87, 'GP', 'Guadeloupe', '16.516848', '15.867565', '-61', '-61.544765', 3579143, '0'),
(88, 'GQ', 'Equatorial Guinea', '2.346989', '0.92086', '11.335724', '9.346865', 2309096, '0'),
(89, 'GR', 'Greece', '41.7484999849641', '34.8020663391466', '28.2470831714347', '19.3736035624134', 390903, '0'),
(90, 'GS', 'South Georgia and the South Sandwich Islands', '-53.970467', '-59.479259', '-26.229326', '-38.021175', 3474415, '0'),
(91, 'GT', 'Guatemala', '17.81522', '13.737302', '-88.223198', '-92.23629', 3595528, '0'),
(92, 'GU', 'Guam', '13.654402', '13.23376', '144.956894', '144.61806', 4043988, '0'),
(93, 'GW', 'Guinea-Bissau', '12.680789', '10.924265', '-13.636522', '-16.717535', 2372248, '0'),
(94, 'GY', 'Guyana', '8.557567', '1.17508', '-56.480251', '-61.384762', 3378535, '0'),
(95, 'HK', 'Hong Kong', '22.559778', '22.15325', '114.434753', '113.837753', 1819730, '0'),
(96, 'HM', 'Heard Island and McDonald Islands', '-52.909416', '-53.192001', '73.859146', '72.596535', 1547314, '0'),
(97, 'HN', 'Honduras', '16.510256', '12.982411', '-83.155403', '-89.350792', 3608932, '0'),
(98, 'HR', 'Croatia', '46.53875', '42.43589', '19.427389', '13.493222', 3202326, '0'),
(99, 'HT', 'Haiti', '20.08782', '18.021032', '-71.613358', '-74.478584', 3723988, '0'),
(100, 'HU', 'Hungary', '48.585667', '45.74361', '22.906', '16.111889', 719819, '0'),
(101, 'ID', 'Indonesia', '5.904417', '-10.941861', '141.021805', '95.009331', 1643084, '0'),
(102, 'IE', 'Ireland', '55.387917', '51.451584', '-6.002389', '-10.478556', 2963597, '0'),
(103, 'IL', 'Israel', '33.340137', '29.496639', '35.876804', '34.270278754419145', 294640, '0'),
(104, 'IM', 'Isle of Man', '54.419724', '54.055916', '-4.3115', '-4.798722', 3042225, '0'),
(105, 'IN', 'India', '35.504223', '6.747139', '97.403305', '68.186691', 1269750, '0'),
(106, 'IO', 'British Indian Ocean Territory', '-5.268333', '-7.438028', '72.493164', '71.259972', 1282588, '0'),
(107, 'IQ', 'Iraq', '37.378029', '29.069445', '48.575916', '38.795887', 99237, '0'),
(108, 'IR', 'Iran', '39.777222', '25.064083', '63.317471', '44.047279', 130758, '0'),
(109, 'IS', 'Iceland', '66.53463', '63.393253', '-13.495815', '-24.546524', 2629691, '0'),
(110, 'IT', 'Italy', '47.095196', '36.652779', '18.513445', '6.614889', 3175395, 'assets/images/temp/italy.jpg'),
(111, 'JE', 'Jersey', '49.265057', '49.169834', '-2.022083', '-2.260028', 3042142, '0'),
(112, 'JM', 'Jamaica', '18.526976', '17.703554', '-76.180321', '-78.366638', 3489940, '0'),
(113, 'JO', 'Jordan', '33.367668', '29.185888', '39.301167', '34.959999', 248816, '0'),
(114, 'JP', 'Japan', '45.52314', '24.249472', '145.820892', '122.93853', 1861060, 'assets/images/temp/japan.jpg'),
(115, 'KE', 'Kenya', '5.019938', '-4.678047', '41.899078', '33.908859', 192950, '0'),
(116, 'KG', 'Kyrgyzstan', '43.238224', '39.172832', '80.283165', '69.276611', 1527747, '0'),
(117, 'KH', 'Cambodia', '14.686417', '10.409083', '107.627724', '102.339996', 1831722, '0'),
(118, 'KI', 'Kiribati', '4.71957', '-11.446881150186856', '-150.215347', '169.556137', 4030945, '0'),
(119, 'KM', 'Comoros', '-11.362381', '-12.387857', '44.538223', '43.21579', 921929, '0'),
(120, 'KN', 'Saint Kitts and Nevis', '17.420118', '17.095343', '-62.543266', '-62.86956', 3575174, '0'),
(121, 'KP', 'North Korea', '43.006054', '37.673332', '130.674866', '124.315887', 1873107, '0'),
(122, 'KR', 'South Korea', '38.612446', '33.190945', '129.584671', '125.887108', 1835841, '0'),
(123, 'KW', 'Kuwait', '30.095945', '28.524611', '48.431473', '46.555557', 285570, '0'),
(124, 'KY', 'Cayman Islands', '19.7617', '19.263029', '-79.727272', '-81.432777', 3580718, '0'),
(125, 'KZ', 'Kazakhstan', '55.451195', '40.936333', '87.312668', '46.491859', 1522867, '0'),
(126, 'LA', 'Laos', '22.500389', '13.910027', '107.697029', '100.093056', 1655842, '0'),
(127, 'LB', 'Lebanon', '34.691418', '33.05386', '36.639194', '35.114277', 272103, '0'),
(128, 'LC', 'Saint Lucia', '14.103245', '13.704778', '-60.874203', '-61.07415', 3576468, '0'),
(129, 'LI', 'Liechtenstein', '47.2706251386959', '47.0484284123471', '9.63564281136796', '9.47167359782014', 3042058, '0'),
(130, 'LK', 'Sri Lanka', '9.831361', '5.916833', '81.881279', '79.652916', 1227603, '0'),
(131, 'LR', 'Liberia', '8.551791', '4.353057', '-7.365113', '-11.492083', 2275384, '0'),
(132, 'LS', 'Lesotho', '-28.572058', '-30.668964', '29.465761', '27.029068', 932692, '0'),
(133, 'LT', 'Lithuania', '56.446918', '53.901306', '26.871944', '20.941528', 597427, '0'),
(134, 'LU', 'Luxembourg', '50.184944', '49.446583', '6.528472', '5.734556', 2960313, 'assets/images/temp/luxembourg.jpg'),
(135, 'LV', 'Latvia', '58.082306', '55.668861', '28.241167', '20.974277', 458258, '0'),
(136, 'LY', 'Libya', '33.168999', '19.508045', '25.150612', '9.38702', 2215636, '0'),
(137, 'MA', 'Morocco', '35.9224966985384', '27.662115', '-0.991750000000025', '-13.168586', 2542007, '0'),
(138, 'MC', 'Monaco', '43.75196717037228', '43.72472839869377', '7.439939260482788', '7.408962249755859', 2993457, '0'),
(139, 'MD', 'Moldova', '48.490166', '45.468887', '30.135445', '26.618944', 617790, '0'),
(140, 'ME', 'Montenegro', '43.570137', '41.850166', '20.358833', '18.461306', 3194884, '0'),
(141, 'MF', 'Saint Martin', '18.130354', '18.052231', '-63.012993', '-63.152767', 3578421, '0'),
(142, 'MG', 'Madagascar', '-11.945433', '-25.608952', '50.48378', '43.224876', 1062947, '0'),
(143, 'MH', 'Marshall Islands', '14.62', '5.587639', '171.931808', '165.524918', 2080185, '0'),
(144, 'MK', 'Macedonia', '42.361805', '40.860195', '23.038139', '20.464695', 718075, '0'),
(145, 'ML', 'Mali', '25.000002', '10.159513', '4.244968', '-12.242614', 2453866, '0'),
(146, 'MM', 'Myanmar [Burma]', '28.543249', '9.784583', '101.176781', '92.189278', 1327865, 'assets/images/temp/myamar.jpg'),
(147, 'MN', 'Mongolia', '52.154251', '41.567638', '119.924309', '87.749664', 2029969, '0'),
(148, 'MO', 'Macao', '22.222334', '22.180389', '113.565834', '113.528946', 1821275, '0'),
(149, 'MP', 'Northern Mariana Islands', '20.55344', '14.11023', '146.06528', '144.88626', 4041468, '0'),
(150, 'MQ', 'Martinique', '14.878819', '14.392262', '-60.81551', '-61.230118', 3570311, '0'),
(151, 'MR', 'Mauritania', '27.298073', '14.715547', '-4.827674', '-17.066521', 2378080, '0'),
(152, 'MS', 'Montserrat', '16.824060205313184', '16.674768935441556', '-62.144100129608205', '-62.24138237036129', 3578097, '0'),
(153, 'MT', 'Malta', '36.0821530995456', '35.8061835000002', '14.5764915000002', '14.1834251000001', 2562770, '0'),
(154, 'MU', 'Mauritius', '-10.319255', '-20.525717', '63.500179', '56.512718', 934292, 'assets/images/temp/mauritus.jpg'),
(155, 'MV', 'Maldives', '7.091587495414767', '-0.692694', '73.637276', '72.693222', 1282028, '0'),
(156, 'MW', 'Malawi', '-9.367541', '-17.125', '35.916821', '32.67395', 927384, '0'),
(157, 'MX', 'Mexico', '32.716759', '14.532866', '-86.703392', '-118.453949', 3996063, 'assets/images/temp/mexico.jpg'),
(158, 'MY', 'Malaysia', '7.363417', '0.855222', '119.267502', '99.643448', 1733045, '0'),
(159, 'MZ', 'Mozambique', '-10.471883', '-26.868685', '40.842995', '30.217319', 1036973, '0'),
(160, 'NA', 'Namibia', '-16.959894', '-28.97143', '25.256701', '11.71563', 3355338, '0'),
(161, 'NC', 'New Caledonia', '-19.549778', '-22.698', '168.129135', '163.564667', 2139685, '0'),
(162, 'NE', 'Niger', '23.525026', '11.696975', '15.995643', '0.16625', 2440476, '0'),
(163, 'NF', 'Norfolk Island', '-28.995170686948427', '-29.063076742954735', '167.99773740209957', '167.91543230151365', 2155115, '0'),
(164, 'NG', 'Nigeria', '13.892007', '4.277144', '14.680073', '2.668432', 2328926, '0'),
(165, 'NI', 'Nicaragua', '15.025909', '10.707543', '-82.738289', '-87.690308', 3617476, '0'),
(166, 'NL', 'Netherlands', '53.512196', '50.753918', '7.227944', '3.362556', 2750405, 'assets/images/temp/netherlands.jpg'),
(167, 'NO', 'Norway', '71.18811', '57.977917', '31.078052520751953', '4.650167', 3144096, '0'),
(168, 'NP', 'Nepal', '30.43339', '26.356722', '88.199333', '80.056274', 1282988, '0'),
(169, 'NR', 'Nauru', '-0.504306', '-0.552333', '166.945282', '166.899033', 2110425, '0'),
(170, 'NU', 'Niue', '-18.951069', '-19.152193', '-169.775177', '-169.951004', 4036232, '0'),
(171, 'NZ', 'New Zealand', '-34.389668', '-47.286026', '-180', '166.7155', 2186224, '0'),
(172, 'OM', 'Oman', '26.387972', '16.64575', '59.836582', '51.882', 286963, '0'),
(173, 'PA', 'Panama', '9.637514', '7.197906', '-77.17411', '-83.051445', 3703430, '0'),
(174, 'PE', 'Peru', '-0.012977', '-18.349728', '-68.677986', '-81.326744', 3932488, '0'),
(175, 'PF', 'French Polynesia', '-7.903573', '-27.653572', '-134.929825', '-152.877167', 4030656, '0'),
(176, 'PG', 'Papua New Guinea', '-1.318639', '-11.657861', '155.96344', '140.842865', 2088628, '0'),
(177, 'PH', 'Philippines', '21.120611', '4.643306', '126.601524', '116.931557', 1694008, '0'),
(178, 'PK', 'Pakistan', '37.097', '23.786722', '77.840919', '60.878613', 1168579, '0'),
(179, 'PL', 'Poland', '54.839138', '49.006363', '24.150749', '14.123', 798544, '0'),
(180, 'PM', 'Saint Pierre and Miquelon', '47.146286', '46.786041', '-56.252991', '-56.420658', 3424932, '0'),
(181, 'PN', 'Pitcairn Islands', '-24.315865', '-24.672565', '-124.77285', '-128.346436', 4030699, '0'),
(182, 'PR', 'Puerto Rico', '18.520166', '17.926405', '-65.242737', '-67.942726', 4566966, '0'),
(183, 'PS', 'Palestine', '32.54638671875', '31.216541290283203', '35.5732955932617', '34.21665954589844', 6254930, '0'),
(184, 'PT', 'Portugal', '42.154311127408', '36.96125', '-6.18915930748288', '-9.50052660716588', 2264397, '0'),
(185, 'PW', 'Palau', '8.46966', '2.8036', '134.72307', '131.11788', 1559582, '0'),
(186, 'PY', 'Paraguay', '-19.294041', '-27.608738', '-54.259354', '-62.647076', 3437598, '0'),
(187, 'QA', 'Qatar', '26.154722', '24.482944', '51.636639', '50.757221', 289688, '0'),
(188, 'RE', 'R├®union', '-20.868391324576944', '-21.383747301469107', '55.838193901930026', '55.21219224792685', 935317, '0'),
(189, 'RO', 'Romania', '48.266945', '43.627304', '29.691055', '20.269972', 798549, '0'),
(190, 'RS', 'Serbia', '46.18138885498047', '42.232215881347656', '23.00499725341797', '18.817020416259766', 6290252, '0'),
(191, 'RU', 'Russia', '81.857361', '41.188862', '-169.05', '19.25', 2017370, '0'),
(192, 'RW', 'Rwanda', '-1.053481', '-2.840679', '30.895958', '28.856794', 49518, '0'),
(193, 'SA', 'Saudi Arabia', '32.158333', '15.61425', '55.666584', '34.495693', 102358, '0'),
(194, 'SB', 'Solomon Islands', '-6.589611', '-11.850555', '166.980865', '155.508606', 2103350, '0'),
(195, 'SC', 'Seychelles', '-4.283717', '-9.753867', '56.29770287937299', '46.204769', 241170, '0'),
(196, 'SD', 'Sudan', '22.232219696044922', '8.684720993041992', '38.60749816894531', '21.827774047851562', 366755, '0'),
(197, 'SE', 'Sweden', '69.0625', '55.337112', '24.1562924839185', '11.118694', 2661886, '0'),
(198, 'SG', 'Singapore', '1.471278', '1.258556', '104.007469', '103.638275', 1880251, '0'),
(199, 'SH', 'Saint Helena', '-7.887815', '-16.019543', '-5.638753', '-14.42123', 3370751, '0'),
(200, 'SI', 'Slovenia', '46.8766275518195', '45.421812998164', '16.6106311807', '13.3753342064709', 3190538, '0'),
(201, 'SJ', 'Svalbard and Jan Mayen', '80.762085', '79.220306', '33.287334', '17.699389', 607072, '0'),
(202, 'SK', 'Slovakia', '49.603168', '47.728111', '22.570444', '16.84775', 3057568, '0'),
(203, 'SL', 'Sierra Leone', '10', '6.929611', '-10.284238', '-13.307631', 2403846, '0'),
(204, 'SM', 'San Marino', '43.99223730851663', '43.8937092171425', '12.51653186779788', '12.403538978820734', 3168068, '0'),
(205, 'SN', 'Senegal', '16.691633', '12.307275', '-11.355887', '-17.535236', 2245662, '0'),
(206, 'SO', 'Somalia', '11.979166', '-1.674868', '51.412636', '40.986595', 51537, '0'),
(207, 'SR', 'Suriname', '6.004546', '1.831145', '-53.977493', '-58.086563', 3382998, '0'),
(208, 'SS', 'South Sudan', '12.219148635864258', '3.493394374847412', '35.9405517578125', '24.140274047851562', 7909807, '0'),
(209, 'ST', 'S├úo Tom├® and Pr├¡ncipe', '1.701323', '0.024766', '7.466374', '6.47017', 2410758, '0'),
(210, 'SV', 'El Salvador', '14.445067', '13.148679', '-87.692162', '-90.128662', 3585968, '0'),
(211, 'SX', 'Sint Maarten', '18.070248', '18.011692', '-63.012993', '-63.144039', 7609695, '0'),
(212, 'SY', 'Syria', '37.319138', '32.310665', '42.385029', '35.727222', 163843, '0'),
(213, 'SZ', 'Swaziland', '-25.719648', '-27.317101', '32.13726', '30.794107', 934841, '0'),
(214, 'TC', 'Turks and Caicos Islands', '21.961878', '21.422626', '-71.123642', '-72.483871', 3576916, '0'),
(215, 'TD', 'Chad', '23.450369', '7.441068', '24.002661', '13.473475', 2434508, '0'),
(216, 'TF', 'French Southern Territories', '-37.790722', '-49.735184', '77.598808', '50.170258', 1546748, '0'),
(217, 'TG', 'Togo', '11.138977', '6.104417', '1.806693', '-0.147324', 2363686, '0'),
(218, 'TH', 'Thailand', '20.463194', '5.61', '105.639389', '97.345642', 1605651, 'assets/images/temp/thailand.jpg'),
(219, 'TJ', 'Tajikistan', '41.042252', '36.674137', '75.137222', '67.387138', 1220409, '0'),
(220, 'TK', 'Tokelau', '-8.553613662719727', '-9.381111145019531', '-171.21142578125', '-172.50033569335938', 4031074, '0'),
(221, 'TL', 'East Timor', '-8.135833740234375', '-9.463626861572266', '127.30859375', '124.04609680175781', 1966436, '0'),
(222, 'TM', 'Turkmenistan', '42.795555', '35.141083', '66.684303', '52.441444', 1218197, '0'),
(223, 'TN', 'Tunisia', '37.543915', '30.240417', '11.598278', '7.524833', 2464461, '0'),
(224, 'TO', 'Tonga', '-15.562988', '-21.455057', '-173.907578', '-175.682266', 4032283, '0'),
(225, 'TR', 'Turkey', '42.107613', '35.815418', '44.834999', '25.668501', 298795, '0'),
(226, 'TT', 'Trinidad and Tobago', '11.338342', '10.036105', '-60.517933', '-61.923771', 3573591, '0'),
(227, 'TV', 'Tuvalu', '-5.641972', '-10.801169', '179.863281', '176.064865', 2110297, '0'),
(228, 'TW', 'Taiwan', '25.3002899036181', '21.896606934717', '122.006739823315', '119.534691', 1668284, '0'),
(229, 'TZ', 'Tanzania', '-0.990736', '-11.745696', '40.443222', '29.327168', 149590, '0'),
(230, 'UA', 'Ukraine', '52.369362', '44.390415', '40.20739', '22.128889', 690791, '0'),
(231, 'UG', 'Uganda', '4.214427', '-1.48405', '35.036049', '29.573252', 226074, '0'),
(232, 'UM', 'U.S. Minor Outlying Islands', '28.219814', '-0.389006', '166.654526', '-177.392029', 5854968, '0'),
(233, 'US', 'United States', '49.388611', '24.544245', '-66.954811', '-124.733253', 6252001, 'assets/images/temp/usa.jpg'),
(234, 'UY', 'Uruguay', '-30.082224', '-34.980816', '-53.073933', '-58.442722', 3439705, '0'),
(235, 'UZ', 'Uzbekistan', '45.575001', '37.184444', '73.132278', '55.996639', 1512440, '0'),
(236, 'VA', 'Vatican City', '41.90743830885576', '41.90027960306854', '12.45837546629481', '12.44570678169205', 3164670, '0'),
(237, 'VC', 'Saint Vincent and the Grenadines', '13.377834', '12.583984810969037', '-61.11388', '-61.46090317727658', 3577815, '0'),
(238, 'VE', 'Venezuela', '12.201903', '0.626311', '-59.80378', '-73.354073', 3625428, '0'),
(239, 'VG', 'British Virgin Islands', '18.757221', '18.383710898211305', '-64.268768', '-64.71312752730364', 3577718, '0'),
(240, 'VI', 'U.S. Virgin Islands', '18.415382', '17.673931', '-64.565193', '-65.101333', 4796775, '0'),
(241, 'VN', 'Vietnam', '23.388834', '8.559611', '109.464638', '102.148224', 1562822, '0'),
(242, 'VU', 'Vanuatu', '-13.073444', '-20.248945', '169.904785', '166.524979', 2134431, '0'),
(243, 'WF', 'Wallis and Futuna', '-13.216758181061444', '-14.314559989820843', '-176.16174317718253', '-178.1848112896414', 4034749, '0'),
(244, 'WS', 'Samoa', '-13.432207', '-14.040939', '-171.415741', '-172.798599', 4034894, '0'),
(245, 'XK', 'Kosovo', '43.2682495807952', '41.856369601859925', '21.80335088694943', '19.977481504492914', 831053, '0'),
(246, 'YE', 'Yemen', '18.9999989031009', '12.1110910264462', '54.5305388163283', '42.5325394314234', 69543, '0'),
(247, 'YT', 'Mayotte', '-12.648891', '-13.000132', '45.29295', '45.03796', 1024031, '0'),
(248, 'ZA', 'South Africa', '-22.126612', '-34.839828', '32.895973', '16.458021', 953987, '0'),
(249, 'ZM', 'Zambia', '-8.22436', '-18.079473', '33.705704', '21.999371', 895949, '0'),
(250, 'ZW', 'Zimbabwe', '-15.608835', '-22.417738', '33.056305', '25.237028', 878675, '0');

-- --------------------------------------------------------

--
-- Structure de la table `ss_followers`
--

CREATE TABLE IF NOT EXISTS `ss_followers` (
  `ss_followers_id` int(11) NOT NULL AUTO_INCREMENT,
  `follower_id` int(11) NOT NULL,
  `followed_id` int(11) NOT NULL,
  `Timestamp` timestamp NULL DEFAULT CURRENT_TIMESTAMP,
  PRIMARY KEY (`ss_followers_id`),
  UNIQUE KEY `follower_id` (`follower_id`,`followed_id`),
  KEY `user_id_1` (`follower_id`),
  KEY `user_id` (`followed_id`)
) ENGINE=InnoDB AUTO_INCREMENT=13 DEFAULT CHARSET=latin1;

--
-- Déchargement des données de la table `ss_followers`
--

INSERT IGNORE INTO `ss_followers` (`ss_followers_id`, `follower_id`, `followed_id`, `Timestamp`) VALUES
(3, 20, 11, '2017-09-25 11:45:39'),
(4, 20, 9, '2017-09-25 12:18:46'),
(7, 20, 17, '2017-10-22 21:44:34'),
(8, 21, 9, '2017-10-23 20:53:30'),
(9, 20, 21, '2017-10-23 21:24:09'),
(10, 21, 20, '2017-10-24 05:04:55'),
(11, 21, 17, '2017-11-08 18:11:32'),
(12, 23, 20, '2017-11-14 14:32:11');

-- --------------------------------------------------------

--
-- Structure de la table `ss_identities`
--

CREATE TABLE IF NOT EXISTS `ss_identities` (
  `ss_user_id` int(11) NOT NULL,
  `user_id` varchar(255) NOT NULL,
  `provider` varchar(100) NOT NULL,
  `connection` varchar(100) NOT NULL,
  `isSocial` tinyint(1) NOT NULL,
  PRIMARY KEY (`user_id`,`provider`),
  KEY `ss_user_id` (`ss_user_id`)
) ENGINE=InnoDB DEFAULT CHARSET=utf8;

--
-- Déchargement des données de la table `ss_identities`
--

INSERT IGNORE INTO `ss_identities` (`ss_user_id`, `user_id`, `provider`, `connection`, `isSocial`) VALUES
(20, '10155853071973222', 'facebook', 'facebook', 1),
(21, '10159553153940626', 'facebook', 'facebook', 1),
(17, '10212598089165380', 'facebook', 'facebook', 1),
(9, '104425842045167329577', 'google-oauth2', 'google-oauth2', 1),
(22, '530061214007661', 'facebook', 'facebook', 1),
(11, '58d26bbb929f58665d7e3d33', 'auth0', 'Username-Password-Authentication', 0),
(13, '590b5ef2d6668570f3201f41', 'auth0', 'Username-Password-Authentication', 0),
(14, '590b5f1dd6668570f3201f48', 'auth0', 'Username-Password-Authentication', 0),
(15, '590b5f3ed6668570f3201f4c', 'auth0', 'Username-Password-Authentication', 0),
(16, '590b6185754ea1622cf5d09f', 'auth0', 'Username-Password-Authentication', 0),
(23, '5a0afe4fa1c14f07d65eadfa', 'auth0', 'Username-Password-Authentication', 0);

-- --------------------------------------------------------

--
-- Structure de la table `ss_my_spots`
--

CREATE TABLE IF NOT EXISTS `ss_my_spots` (
  `to_spot_id` int(11) NOT NULL AUTO_INCREMENT,
  `SPOT_ID` int(11) NOT NULL,
  `user_ID` int(11) NOT NULL,
  `date` timestamp NOT NULL DEFAULT CURRENT_TIMESTAMP,
  `note` text,
  PRIMARY KEY (`to_spot_id`),
  KEY `user_ID` (`user_ID`),
  KEY `SPOT_ID` (`SPOT_ID`)
) ENGINE=InnoDB AUTO_INCREMENT=512 DEFAULT CHARSET=utf8;

--
-- Déchargement des données de la table `ss_my_spots`
--

INSERT IGNORE INTO `ss_my_spots` (`to_spot_id`, `SPOT_ID`, `user_ID`, `date`, `note`) VALUES
(1, 26, 42, '2016-06-13 12:28:21', NULL),
(2, 26, 43, '2016-06-13 12:33:48', NULL),
(3, 27, 44, '2016-06-14 09:14:46', NULL),
(4, 28, 44, '2016-06-14 09:23:29', NULL),
(5, 30, 44, '2016-06-14 09:34:15', NULL),
(6, 31, 44, '2016-06-14 09:36:23', NULL),
(7, 32, 44, '2016-06-14 09:37:23', NULL),
(8, 33, 44, '2016-06-14 09:52:34', 'Great margaritas'),
(9, 27, 45, '2016-06-14 19:24:20', NULL),
(10, 30, 45, '2016-06-14 19:25:54', NULL),
(11, 34, 45, '2016-06-14 19:29:17', NULL),
(12, 35, 45, '2016-06-14 19:50:38', NULL),
(13, 36, 45, '2016-06-14 19:52:01', NULL),
(14, 37, 45, '2016-06-14 19:55:22', NULL),
(15, 38, 45, '2016-06-14 19:56:59', NULL),
(16, 31, 45, '2016-06-14 19:58:02', NULL),
(17, 28, 45, '2016-06-14 19:58:32', NULL),
(18, 33, 45, '2016-06-14 19:58:49', NULL),
(19, 39, 45, '2016-06-14 20:02:06', NULL),
(20, 40, 45, '2016-06-14 20:10:03', NULL),
(21, 41, 45, '2016-06-14 20:12:50', NULL),
(22, 42, 45, '2016-06-14 20:19:52', NULL),
(23, 43, 45, '2016-06-14 20:23:29', NULL),
(24, 44, 45, '2016-06-14 20:25:05', NULL),
(25, 45, 45, '2016-06-14 20:26:38', NULL),
(26, 46, 45, '2016-06-14 20:28:10', NULL),
(27, 47, 45, '2016-06-14 20:30:14', NULL),
(28, 48, 45, '2016-06-14 20:32:34', NULL),
(29, 49, 45, '2016-06-14 20:34:46', NULL),
(30, 50, 45, '2016-06-14 20:37:00', NULL),
(31, 36, 44, '2016-06-15 07:40:04', NULL),
(32, 37, 44, '2016-06-15 07:40:19', NULL),
(33, 38, 44, '2016-06-15 07:40:35', NULL),
(34, 39, 44, '2016-06-15 07:40:49', NULL),
(35, 40, 44, '2016-06-15 07:41:08', NULL),
(36, 41, 44, '2016-06-15 07:41:22', NULL),
(37, 42, 44, '2016-06-15 07:41:41', NULL),
(38, 43, 44, '2016-06-15 07:41:53', NULL),
(39, 44, 44, '2016-06-15 07:42:05', NULL),
(40, 46, 44, '2016-06-15 07:42:17', NULL),
(41, 49, 44, '2016-06-15 07:42:37', NULL),
(42, 48, 44, '2016-06-15 07:42:53', NULL),
(43, 50, 44, '2016-06-15 07:43:12', NULL),
(44, 51, 46, '2016-06-15 07:43:14', NULL),
(45, 54, 46, '2016-06-15 07:52:01', NULL),
(46, 55, 44, '2016-06-15 07:56:57', NULL),
(47, 56, 46, '2016-06-15 07:59:30', NULL),
(48, 58, 44, '2016-06-15 07:59:53', NULL),
(49, 59, 44, '2016-06-15 08:01:44', NULL),
(50, 61, 44, '2016-06-15 08:03:16', NULL),
(52, 60, 46, '2016-06-15 08:06:53', NULL),
(53, 64, 44, '2016-06-15 08:12:12', NULL),
(55, 65, 46, '2016-06-15 08:13:50', NULL),
(57, 67, 44, '2016-06-15 08:20:40', NULL),
(58, 68, 46, '2016-06-15 08:22:41', 'Super terrasse, très belle vue, excellente cuisine '),
(59, 69, 46, '2016-06-15 08:30:54', 'Les meilleures pâtes aux truffes de ma vie'),
(60, 70, 46, '2016-06-15 08:35:36', 'Une vue magnifique et un excellent menu'),
(61, 71, 46, '2016-06-15 08:40:06', NULL),
(62, 30, 47, '2016-06-15 08:43:38', NULL),
(63, 72, 46, '2016-06-15 08:45:34', NULL),
(64, 73, 47, '2016-06-15 08:47:05', NULL),
(65, 74, 46, '2016-06-15 08:50:15', 'Petit café avec un excellent brunch! (et café)'),
(66, 42, 43, '2016-06-15 08:50:30', NULL),
(67, 75, 46, '2016-06-15 08:53:58', NULL),
(68, 76, 46, '2016-06-15 08:56:25', NULL),
(69, 56, 44, '2016-06-15 09:00:39', NULL),
(70, 77, 47, '2016-06-15 09:02:14', NULL),
(71, 33, 47, '2016-06-15 09:03:38', NULL),
(72, 43, 47, '2016-06-15 09:04:24', NULL),
(73, 32, 47, '2016-06-15 09:04:59', NULL),
(74, 78, 47, '2016-06-15 09:08:34', NULL),
(75, 79, 46, '2016-06-15 09:09:01', NULL),
(76, 80, 46, '2016-06-15 09:11:28', NULL),
(77, 80, 44, '2016-06-15 09:19:44', NULL),
(78, 81, 47, '2016-06-15 09:22:32', NULL),
(79, 84, 47, '2016-06-15 09:31:11', NULL),
(80, 85, 46, '2016-06-15 09:35:56', NULL),
(81, 86, 47, '2016-06-15 09:36:32', NULL),
(82, 87, 46, '2016-06-15 09:44:13', NULL),
(83, 88, 47, '2016-06-15 09:48:45', NULL),
(84, 91, 47, '2016-06-15 10:02:21', NULL),
(85, 92, 47, '2016-06-15 10:05:18', NULL),
(86, 89, 47, '2016-06-15 10:07:53', NULL),
(87, 90, 47, '2016-06-15 10:08:23', NULL),
(88, 82, 47, '2016-06-15 10:08:39', NULL),
(89, 93, 47, '2016-06-15 10:09:07', NULL),
(90, 94, 47, '2016-06-15 10:10:46', NULL),
(91, 95, 47, '2016-06-15 10:13:58', NULL),
(92, 97, 47, '2016-06-15 10:17:11', NULL),
(93, 98, 47, '2016-06-15 10:19:19', NULL),
(94, 99, 47, '2016-06-15 10:24:40', NULL),
(95, 100, 47, '2016-06-15 10:26:13', NULL),
(96, 101, 47, '2016-06-15 10:35:10', NULL),
(97, 102, 44, '2016-06-15 11:45:52', NULL),
(99, 71, 43, '2016-06-18 15:15:04', NULL),
(101, 33, 49, '2016-06-20 09:07:35', NULL),
(102, 114, 49, '2016-06-20 09:14:12', NULL),
(103, 115, 49, '2016-06-20 09:35:23', NULL),
(104, 116, 49, '2016-06-20 09:37:27', NULL),
(105, 117, 49, '2016-06-20 09:38:29', NULL),
(106, 118, 49, '2016-06-20 09:40:19', NULL),
(107, 119, 49, '2016-06-20 09:44:02', NULL),
(108, 120, 49, '2016-06-20 09:46:19', NULL),
(109, 121, 49, '2016-06-20 09:47:33', NULL),
(110, 42, 51, '2016-06-22 09:09:22', NULL),
(115, 35, 44, '2016-06-22 15:01:35', NULL),
(117, 30, 53, '2016-06-24 14:48:02', NULL),
(118, 43, 53, '2016-06-24 14:53:56', NULL),
(119, 32, 53, '2016-06-24 14:54:24', NULL),
(120, 33, 54, '2016-06-26 09:18:04', NULL),
(121, 34, 43, '2016-06-26 21:41:41', 'Nice Place'),
(125, 126, 47, '2016-06-27 10:25:10', ''),
(126, 114, 47, '2016-06-27 10:27:08', ''),
(149, 33, 42, '2016-07-16 06:41:06', NULL),
(165, 146, 47, '2016-07-18 14:59:52', ''),
(167, 96, 44, '2016-07-20 12:59:51', ''),
(168, 150, 44, '2016-07-21 12:53:55', ''),
(169, 151, 44, '2016-07-21 12:57:44', ''),
(170, 152, 44, '2016-07-21 13:00:48', 'Magnifique Pain perdu'),
(173, 153, 46, '2016-07-22 10:13:45', ''),
(174, 155, 46, '2016-07-22 10:18:52', ''),
(176, 152, 42, '2016-07-22 15:14:21', 'I love this place'),
(180, 151, 43, '2016-07-23 20:13:55', NULL),
(181, 152, 43, '2016-07-23 20:17:23', NULL),
(182, 155, 43, '2016-07-23 20:18:08', 'Hello, How are you!'),
(183, 168, 42, '2016-07-25 07:27:34', 'I like this place because of the atmosphere'),
(190, 41, 58, '2016-07-30 14:27:59', NULL),
(191, 170, 58, '2016-07-30 14:34:08', 'the view on petronas towers'),
(192, 171, 58, '2016-07-30 14:39:13', 'beach resort for eating and drinking'),
(193, 172, 58, '2016-07-30 14:43:19', 'prosecco brunch in bahrain'),
(194, 95, 43, '2016-07-30 17:39:25', 'I Like this place because'),
(195, 168, 44, '2016-08-08 16:02:39', NULL),
(196, 165, 44, '2016-08-08 16:03:33', NULL),
(197, 160, 44, '2016-08-08 16:03:55', ''),
(198, 159, 44, '2016-08-08 16:04:50', ''),
(199, 171, 44, '2016-08-09 15:11:37', ''),
(200, 121, 61, '2016-08-09 15:35:29', NULL),
(201, 173, 61, '2016-08-09 15:38:20', ''),
(202, 174, 63, '2016-08-09 15:44:59', NULL),
(205, 165, 53, '2016-08-10 11:28:14', NULL),
(206, 178, 53, '2016-08-10 11:32:39', 'outdoor seating and beautiful environment'),
(207, 179, 53, '2016-08-10 11:39:01', ''),
(208, 180, 53, '2016-08-10 11:44:27', NULL),
(211, 183, 53, '2016-08-10 11:48:00', ''),
(212, 184, 53, '2016-08-10 11:53:30', ''),
(213, 59, 72, '2016-08-10 14:42:59', NULL),
(214, 85, 73, '2016-08-10 14:46:04', NULL),
(215, 84, 73, '2016-08-10 14:48:27', NULL),
(216, 155, 44, '2016-08-10 14:48:39', ''),
(217, 114, 73, '2016-08-10 14:49:11', NULL),
(218, 46, 73, '2016-08-10 14:50:17', NULL),
(219, 43, 73, '2016-08-10 14:50:49', NULL),
(220, 35, 73, '2016-08-10 14:51:19', NULL),
(221, 33, 73, '2016-08-10 14:52:03', NULL),
(222, 32, 73, '2016-08-10 14:52:44', NULL),
(223, 159, 74, '2016-08-10 16:18:25', NULL),
(224, 160, 74, '2016-08-10 16:19:36', ''),
(225, 185, 74, '2016-08-10 16:26:53', ''),
(226, 186, 74, '2016-08-10 16:31:14', ''),
(227, 187, 74, '2016-08-10 16:35:52', ''),
(228, 188, 74, '2016-08-10 16:38:39', ''),
(229, 189, 74, '2016-08-10 16:43:31', ''),
(230, 190, 74, '2016-08-10 16:48:10', ''),
(231, 191, 74, '2016-08-10 16:51:27', ''),
(232, 192, 74, '2016-08-10 16:55:22', ''),
(233, 193, 74, '2016-08-10 16:58:07', ''),
(234, 116, 74, '2016-08-10 17:06:55', ''),
(235, 38, 74, '2016-08-10 17:10:17', NULL),
(236, 194, 74, '2016-08-10 17:15:08', ''),
(237, 195, 74, '2016-08-10 17:17:37', ''),
(238, 196, 74, '2016-08-10 17:23:44', ''),
(239, 197, 74, '2016-08-10 17:29:12', NULL),
(240, 198, 74, '2016-08-10 18:03:23', ''),
(241, 199, 74, '2016-08-10 18:06:07', 'Best cheese cake!'),
(242, 200, 74, '2016-08-10 18:15:05', ''),
(243, 201, 74, '2016-08-10 18:20:42', ''),
(244, 202, 74, '2016-08-10 18:25:18', ''),
(245, 203, 74, '2016-08-10 18:29:38', ''),
(246, 204, 74, '2016-08-10 18:32:03', ''),
(247, 205, 74, '2016-08-10 18:38:47', ''),
(248, 206, 74, '2016-08-10 18:47:16', ''),
(249, 207, 74, '2016-08-10 18:58:20', ''),
(250, 208, 74, '2016-08-10 19:04:21', 'the place to you eat \'La Poutine\' in Montreal'),
(252, 33, 74, '2016-08-10 19:07:32', ''),
(253, 209, 71, '2016-08-10 21:23:34', 'Kids friendly'),
(254, 210, 71, '2016-08-10 21:25:48', ''),
(255, 211, 71, '2016-08-10 21:27:03', 'Rhumerie haïtienne'),
(256, 208, 71, '2016-08-10 21:28:04', NULL),
(257, 212, 71, '2016-08-10 21:29:38', 'Authentic Panettone! The best in Montreal'),
(258, 213, 71, '2016-08-10 21:31:04', ''),
(261, 215, 71, '2016-08-10 21:32:57', ''),
(262, 216, 71, '2016-08-10 21:34:26', ''),
(263, 217, 71, '2016-08-10 21:38:23', ''),
(264, 218, 71, '2016-08-10 21:39:41', 'Try the \"Torta 900\", a unique cake made from a secret family recipe!'),
(265, 219, 71, '2016-08-10 21:44:28', 'The restaurant with chef Olivier Gougeon is perfect!'),
(266, 220, 75, '2016-08-11 02:47:43', ''),
(267, 221, 70, '2016-08-11 09:49:12', 'Cranberry drenched vodka with caviar'),
(268, 222, 70, '2016-08-11 09:51:27', 'Best sushi in town'),
(269, 223, 70, '2016-08-11 09:53:49', 'It\'s situated in the old Porto stock-exchange, a magnificent building!'),
(270, 224, 70, '2016-08-11 09:55:27', ''),
(271, 225, 70, '2016-08-11 09:57:30', 'Everything!'),
(272, 226, 70, '2016-08-11 10:01:37', 'Best pizza ever.'),
(273, 227, 70, '2016-08-11 10:05:00', 'Entrecote is to die for!'),
(274, 228, 70, '2016-08-11 10:08:22', ''),
(275, 229, 70, '2016-08-11 10:10:24', 'The place to be in Düsseldorf'),
(276, 225, 44, '2016-08-11 12:51:22', ''),
(277, 159, 76, '2016-08-12 07:38:58', 'Excellent fresh sea food, nice place and sea view'),
(278, 160, 76, '2016-08-12 07:43:18', ''),
(279, 178, 76, '2016-08-12 07:46:44', 'Nice romantic place to eat. Excellent French food'),
(280, 225, 45, '2016-08-12 08:34:51', NULL),
(281, 230, 45, '2016-08-12 08:38:40', ''),
(282, 231, 45, '2016-08-12 09:00:31', ''),
(283, 230, 44, '2016-08-12 09:00:34', ''),
(284, 231, 44, '2016-08-12 09:01:01', ''),
(285, 232, 78, '2016-08-13 00:21:58', 'The most refined among luxury hotels on the Dead Sea on Jordan\'s side.'),
(286, 233, 78, '2016-08-13 00:26:20', 'Luxury, service and location.'),
(287, 234, 78, '2016-08-13 00:30:32', 'Authentic Jordanian food in a casual, affordable restaurant. Don\'t expect a view, a white tablecloth or a 5-star service. This place is famous for its typical dishes, including the famous Jordanian \"mansaf\" (a special way of cooking the rice with pieces of red meat or chicken). '),
(288, 235, 78, '2016-08-13 00:35:50', 'The most famous if casual restaurants in Amman. Very cheap and delicious, authentic breakfast (we are talking 1 Jordanian dinar per plate). Expect to share plates with your party, tapas style, and dig in with pita bread. Rumor has it that King Abdullah goes there every now and then for their good food and to mingle with the locals.'),
(289, 236, 78, '2016-08-13 00:47:03', 'Elegant restaurant in the famous Rainbow Street in Amman. It offers Middle-Eastern food in a nice setting, be it outside near the fountain or inside in a nice, old house. Suitable for a date or families wanting to be away from crowded streets. Valet parking available.'),
(290, 237, 79, '2016-08-15 09:49:38', 'Wonderful food, atmosphere and music!\r\nYou can even play backgammon there :)'),
(291, 238, 79, '2016-08-15 10:01:37', 'Amazing fish restaurant, directly on the water. Best fish and seafood of the island!'),
(292, 239, 79, '2016-08-15 10:11:18', 'Heaven on earth.'),
(294, 240, 74, '2016-08-16 19:31:54', ''),
(295, 241, 74, '2016-08-16 19:37:16', 'Good place to eat pinchos'),
(296, 222, 74, '2016-08-16 19:43:02', ''),
(297, 242, 74, '2016-08-16 19:49:33', ''),
(298, 243, 74, '2016-08-16 19:51:47', ''),
(299, 244, 74, '2016-08-16 19:56:41', ''),
(300, 245, 74, '2016-08-16 19:59:19', ''),
(301, 246, 74, '2016-08-16 20:04:10', ''),
(302, 247, 80, '2016-08-17 09:57:55', 'Amazing seafood restaurant '),
(303, 248, 80, '2016-08-17 10:00:09', ''),
(304, 249, 80, '2016-08-17 10:01:18', 'Beautiful spot for early dinner & drinks'),
(305, 250, 80, '2016-08-17 10:03:11', 'Tucked away in beautiful surroundings away from the busy centre of Ibiza'),
(306, 251, 80, '2016-08-17 10:05:17', ''),
(307, 252, 80, '2016-08-17 10:06:42', 'Very cool and relaxed place for lunch and drinks - lounge style by the beach'),
(308, 253, 80, '2016-08-17 10:08:23', 'Beautiful spot for sunset'),
(309, 254, 80, '2016-08-17 10:14:59', 'Very nice Japanese/Peruvian fusion food'),
(310, 255, 80, '2016-08-17 10:19:52', ''),
(311, 256, 80, '2016-08-17 10:22:30', ''),
(312, 257, 80, '2016-08-17 10:24:47', ''),
(313, 258, 80, '2016-08-17 10:28:30', ''),
(314, 259, 81, '2016-08-18 19:51:38', 'Food is just delicious, the best I had so far in Tuscany. Prices are so reasonable we had to check if the bill was ours. Better reserve as the restaurant gets quite busy'),
(315, 260, 81, '2016-08-18 20:00:08', 'Rooms are simple but spacious, except if you get to sleep in the castle. A great place to stay if you want to enjoy daily horse rides in the wild. Many picturesque villages in the area.'),
(316, 106, 81, '2016-08-18 21:27:54', NULL),
(317, 33, 81, '2016-08-18 21:29:03', NULL),
(319, 243, 44, '2016-08-22 12:57:12', ''),
(320, 262, 75, '2016-08-24 01:26:56', ''),
(321, 263, 75, '2016-08-24 01:32:38', ''),
(322, 264, 75, '2016-08-24 01:35:31', ''),
(323, 265, 75, '2016-08-24 01:37:45', 'Large, and varied buffet'),
(324, 266, 75, '2016-08-24 01:42:18', 'Best hummus in LA for sure!'),
(325, 217, 75, '2016-08-24 01:44:09', ''),
(326, 246, 75, '2016-08-24 01:45:14', ''),
(327, 267, 75, '2016-08-24 01:49:40', 'Friendly staff, clean modern interiors, pet friendly, complementary afternoon cocktails by the pool, small hotel with no children allowed.'),
(328, 268, 75, '2016-08-24 01:53:17', 'Friendly and helpful staff, small but clean rooms, complementary juices and pastries at the lobby, central and safe.'),
(329, 242, 44, '2016-08-24 09:04:09', ''),
(330, 269, 54, '2016-08-26 22:01:29', ''),
(331, 270, 54, '2016-08-26 22:03:56', 'Great lebanese food!!'),
(332, 271, 54, '2016-08-26 22:10:41', 'nice for a drink & finger food'),
(333, 272, 54, '2016-08-26 22:16:09', 'great meat'),
(334, 273, 54, '2016-08-26 22:20:19', ''),
(335, 274, 54, '2016-08-26 22:24:05', 'great brunch, very nice team'),
(336, 275, 54, '2016-08-26 22:28:38', 'Great place to chill in the middle of the sea between europe and asia'),
(337, 276, 54, '2016-08-26 22:33:09', ''),
(338, 277, 54, '2016-08-26 23:01:03', 'great view'),
(339, 278, 54, '2016-08-26 23:53:03', ''),
(340, 279, 54, '2016-08-27 12:17:42', 'great vietnamise food!'),
(341, 270, 58, '2016-08-27 12:18:23', NULL),
(342, 280, 54, '2016-08-27 12:21:06', 'great place, human size'),
(343, 281, 58, '2016-08-27 12:23:20', 'best steak in rio'),
(345, 283, 54, '2016-08-27 12:25:08', 'great Fondue chinoise, low price'),
(346, 284, 58, '2016-08-27 12:29:56', 'samba and live music'),
(347, 285, 58, '2016-08-27 12:40:26', 'dinner at candelle followed by clubbing in BC \r\nSame owners'),
(348, 286, 58, '2016-08-27 12:45:19', 'Best steak '),
(349, 287, 58, '2016-08-27 12:48:51', 'total luxury and amazing private beach\r\nallows you access to the other two shangri la hotels in the same resort'),
(350, 288, 58, '2016-08-27 13:01:53', 'best view and seafood in Oia, Santorini'),
(351, 289, 58, '2016-08-27 13:06:42', 'highest rooftop bar in singapore'),
(352, 290, 58, '2016-08-27 13:10:23', 'Formerly know as Ku De Ta on top of the ship shaped Marina Bay Sands Hotel'),
(353, 50, 58, '2016-08-27 13:12:12', NULL),
(354, 291, 58, '2016-08-27 13:14:32', 'Best place for selfie with the petronas towers'),
(357, 293, 54, '2016-08-27 14:40:01', ''),
(358, 294, 54, '2016-08-27 14:41:46', ''),
(359, 27, 54, '2016-08-27 14:43:15', ''),
(360, 295, 54, '2016-08-27 14:45:44', 'also nice for a drink; no reservation'),
(361, 296, 54, '2016-08-27 14:49:51', ''),
(362, 297, 54, '2016-08-27 14:52:41', ''),
(363, 155, 49, '2016-08-29 08:52:38', NULL),
(364, 298, 49, '2016-08-29 08:54:15', ''),
(365, 300, 49, '2016-08-29 08:55:30', ''),
(366, 301, 49, '2016-08-29 08:57:46', ''),
(367, 302, 49, '2016-08-29 08:59:25', ''),
(368, 303, 49, '2016-08-29 09:03:03', ''),
(369, 304, 49, '2016-08-29 09:05:05', ''),
(370, 28, 65, '2016-08-29 13:07:47', NULL),
(371, 305, 65, '2016-08-29 13:24:02', 'Great view and great food'),
(372, 306, 65, '2016-08-29 13:28:57', 'Exceptional setting!'),
(373, 307, 65, '2016-08-29 13:39:22', 'Typical french \"brasserie\"'),
(374, 308, 65, '2016-08-29 15:39:37', 'Nice beach not very crowded '),
(375, 309, 65, '2016-08-29 15:45:33', 'Great service and great wine card'),
(376, 310, 65, '2016-08-29 15:59:04', 'Nice place with good food'),
(377, 311, 65, '2016-08-29 16:09:20', 'it\'s decoration and cocktails'),
(378, 312, 79, '2016-08-29 20:32:41', 'Best Aubrac and Salers meat!!'),
(379, 313, 79, '2016-08-29 20:37:27', 'EXCELLENT!'),
(380, 314, 79, '2016-08-29 20:41:08', 'On the beach!!!'),
(381, 315, 79, '2016-08-29 20:44:08', 'Top!'),
(382, 173, 79, '2016-08-29 20:45:00', NULL),
(383, 316, 79, '2016-08-29 20:46:35', ''),
(384, 317, 79, '2016-08-29 20:48:36', ''),
(385, 318, 79, '2016-08-29 20:51:45', ''),
(386, 319, 79, '2016-08-29 20:55:04', ''),
(387, 320, 79, '2016-08-29 20:58:12', ''),
(388, 321, 79, '2016-08-29 20:59:57', ''),
(389, 322, 61, '2016-08-30 13:21:04', 'Cosy, romantic yet cool atmosphere'),
(390, 323, 61, '2016-08-30 13:24:23', ''),
(393, 325, 61, '2016-08-30 13:27:35', ''),
(394, 326, 61, '2016-08-30 13:32:20', ''),
(395, 327, 61, '2016-08-30 13:34:08', 'One of best cocktail bars around'),
(396, 328, 61, '2016-08-30 13:36:07', 'for dinner or drinks'),
(397, 329, 86, '2016-08-30 16:55:47', 'Burgers\r\nAtmosphere \r\nPeople '),
(398, 96, 86, '2016-08-30 17:03:41', ''),
(401, 329, 58, '2016-08-31 12:32:55', NULL),
(402, 332, 58, '2016-08-31 12:39:41', 'best shawarma'),
(403, 333, 58, '2016-08-31 12:44:16', ''),
(404, 332, 44, '2016-08-31 12:50:09', ''),
(405, 329, 89, '2016-08-31 18:21:49', 'Burgers'),
(406, 334, 89, '2016-08-31 18:29:09', 'Modern Boutique Hotel with rooftop terrace '),
(407, 335, 44, '2016-09-01 09:50:39', NULL),
(408, 334, 93, '2016-09-01 13:08:46', NULL),
(409, 335, 90, '2016-09-01 19:46:27', 'food'),
(410, 336, 90, '2016-09-01 19:55:01', ''),
(411, 337, 90, '2016-09-01 19:57:23', NULL),
(412, 338, 90, '2016-09-01 20:03:17', ''),
(414, 339, 95, '2016-09-05 20:44:52', NULL),
(415, 340, 95, '2016-09-05 20:48:34', ''),
(416, 340, 96, '2016-09-06 14:32:46', NULL),
(417, 339, 96, '2016-09-06 14:32:55', 'nothing. it sucks!\r\n'),
(418, 338, 96, '2016-09-06 14:33:32', ''),
(420, 270, 97, '2016-09-10 21:46:47', NULL),
(423, 344, 44, '2016-09-12 08:33:51', 'Aire de Jeu en face du resto, tres pratique avec les enfants'),
(424, 345, 45, '2016-09-12 08:46:11', ''),
(425, 346, 45, '2016-09-12 09:01:45', ''),
(426, 347, 45, '2016-09-12 09:08:34', ''),
(427, 348, 45, '2016-09-12 09:15:48', ''),
(428, 349, 45, '2016-09-12 09:22:19', ''),
(430, 351, 45, '2016-09-12 09:31:01', ''),
(431, 352, 45, '2016-09-12 09:37:17', ''),
(432, 353, 45, '2016-09-12 09:42:12', ''),
(434, 83, 48, '2016-09-12 10:11:13', NULL),
(437, 356, 45, '2016-09-12 11:21:33', NULL),
(438, 357, 48, '2016-09-12 11:46:16', NULL),
(439, 358, 48, '2016-09-12 11:50:16', 'The diner banquet'),
(440, 359, 48, '2016-09-12 11:52:29', 'Authentic and creative Sushi served in a Nice Huge plate'),
(441, 360, 48, '2016-09-12 11:57:37', 'Super Fresh sashimi + the same Japanese old server always smiley (serving at  \"you\" for the past 15 years)'),
(442, 361, 48, '2016-09-12 12:10:28', NULL),
(443, 362, 48, '2016-09-12 12:12:43', NULL),
(444, 363, 48, '2016-09-12 12:18:06', 'Tapas de la casa'),
(445, 364, 48, '2016-09-12 12:21:43', NULL),
(446, 365, 48, '2016-09-12 12:27:07', 'Traditional Japanese food'),
(447, 366, 101, '2016-09-16 12:23:06', NULL),
(448, 367, 102, '2016-09-16 17:55:15', 'Everything! '),
(449, 368, 75, '2016-09-17 16:36:46', 'Best Lamb Dip I\'ve had in the LA area so far'),
(450, 369, 104, '2016-09-18 17:18:24', 'The terrasse during the summer, in the center of Central Park'),
(451, 370, 104, '2016-09-18 17:21:22', 'I don\'t like meat, but this place is one of the only one where I can really appreciate a good steak'),
(452, 371, 104, '2016-09-18 17:25:50', 'I love everything about this place, the food, the atmosphere, the decor, ... One of my favorite spot in Paris !'),
(453, 372, 104, '2016-09-18 17:28:12', 'The food is excellent !'),
(454, 373, 104, '2016-09-18 17:30:41', 'Beautiful Roftop'),
(455, 374, 104, '2016-09-18 17:35:04', 'Good for both Dinner and Drink. Beautiful view of la Tamise'),
(456, 375, 105, '2016-09-20 07:06:34', 'Delicious Lebanese Fish'),
(457, 376, 105, '2016-09-20 07:11:45', NULL),
(458, 377, 105, '2016-09-20 07:14:17', ''),
(459, 378, 60, '2016-09-20 07:54:15', NULL),
(460, 379, 60, '2016-09-20 07:57:48', 'Typical Puglian experience offering Trulis as part of accommodation options. Beautiful tasting menu at night, beautiful peaceful surroundings '),
(461, 352, 60, '2016-09-21 11:43:24', NULL),
(462, 379, 106, '2016-10-05 07:27:20', NULL),
(463, 380, 111, '2016-10-13 07:15:09', NULL),
(464, 192, 44, '2016-10-13 08:04:36', ''),
(465, 32, 112, '2016-10-13 14:19:35', ''),
(466, 381, 112, '2016-10-13 14:23:40', 'Burgers'),
(467, 382, 112, '2016-10-13 14:36:59', 'Good atmosphere '),
(468, 383, 112, '2016-10-13 14:59:19', ''),
(469, 192, 112, '2016-10-13 15:15:11', ''),
(470, 384, 112, '2016-10-13 15:21:28', ''),
(471, 385, 112, '2016-10-13 15:32:01', NULL),
(472, 382, 44, '2016-10-13 15:52:15', ''),
(473, 381, 44, '2016-10-13 15:52:34', ''),
(474, 386, 104, '2016-10-14 20:11:27', 'The decor is fantastic. restaurant known for its fish. Very authentic place in Barcelona even though is quite expensive. '),
(475, 387, 113, '2016-10-16 19:54:07', 'Good world food, nice waiter and waitress, short menu at reasonable price '),
(476, 388, 113, '2016-10-16 20:26:13', 'I recommand this place for photo exhibitions but also for its cafe. A good idea for monday morning: photo exhibitions before \"brunching\" . Reserve a table when you arrive because it\'s often crowded'),
(477, 389, 113, '2016-10-16 20:58:39', 'One of the best italian ice cream spot in Paris. Try pistachio ice and stracciatella, just exquisite'),
(478, 390, 113, '2016-10-16 21:12:53', 'Merveilleux are cakes made of meringue, a speciality of north of France. Yami'),
(479, 243, 114, '2016-10-25 12:19:29', 'service'),
(480, 391, 46, '2016-10-28 10:04:47', 'Supers gâteaux'),
(481, 392, 44, '2016-11-04 14:57:20', ''),
(482, 103, 44, '2016-11-04 14:59:09', NULL),
(483, 393, 79, '2016-11-07 11:38:08', 'Sublime spot! La vue incroyable sur le mont-blanc, les pins et le lac, la carte delicieuse! Tout est parfait!'),
(484, 394, 79, '2016-11-07 11:41:48', 'Super bistro parisien typique au coeur de Saint Germain des prés. Ambiance tres conviviale avec tous les amis des jeunes patrons Tristan et Thomas. Excellents vins et magnifique côte de boeuf!\r\nA ne pas rater!!'),
(485, 396, 46, '2016-11-12 10:41:41', 'Brasserie de vieux, un peu serrés, mais très bonne cuisine traditionnelle française '),
(486, 397, 114, '2016-11-15 13:03:59', ''),
(487, 398, 46, '2016-11-22 16:25:20', 'Excellent wine, excellent beef, home-made salsas (can be cheap or expensive depending on choice)'),
(488, 399, 46, '2016-11-22 16:27:54', 'Le design est sympa (resto Costes)'),
(489, 400, 46, '2016-11-22 16:31:11', 'Bon brunch mais pas de réservation possible (n\'y aller qu\'en petit groupe)'),
(490, 401, 46, '2016-11-24 20:09:39', 'Bon bistrot légèrement branché'),
(491, 402, 44, '2016-12-05 12:38:53', ''),
(492, 402, 117, '2016-12-12 15:25:03', 'asfasf  asf asf asf asf '),
(493, 402, 118, '2017-01-09 11:23:53', NULL),
(494, 39, 118, '2017-01-09 12:16:46', NULL),
(495, 403, 46, '2017-01-13 17:33:26', 'Restaurant gastronomique avec excellent rapport qualité prix et excellent chef'),
(496, 403, 44, '2017-01-22 15:40:30', NULL),
(497, 401, 44, '2017-01-22 16:38:09', ''),
(498, 242, 119, '2017-02-05 20:05:19', 'Food quality !'),
(499, 404, 119, '2017-02-05 20:18:37', 'Quality & Diversity Dim Sum'),
(500, 405, 119, '2017-02-05 20:24:17', 'Black Pepper Crab'),
(501, 406, 119, '2017-02-05 20:29:51', ''),
(502, 407, 119, '2017-02-05 20:31:34', 'Eggs benedict + Truffle Fries'),
(503, 408, 119, '2017-02-05 20:33:58', 'Pekin Duck'),
(504, 409, 119, '2017-02-05 20:38:44', ''),
(505, 410, 119, '2017-02-05 20:40:01', ''),
(506, 411, 119, '2017-02-05 20:41:30', ''),
(507, 412, 119, '2017-02-05 20:43:08', ''),
(508, 413, 119, '2017-02-05 20:53:08', ''),
(509, 414, 119, '2017-02-05 20:58:01', ''),
(510, 415, 119, '2017-02-05 21:01:57', 'Picanha'),
(511, 289, 119, '2017-02-05 21:03:57', '');

-- --------------------------------------------------------

--
-- Structure de la table `ss_report`
--

CREATE TABLE IF NOT EXISTS `ss_report` (
  `ID` int(11) NOT NULL AUTO_INCREMENT,
  `spot_ID` int(11) NOT NULL,
  `user_ID` int(11) NOT NULL,
  `Message` text NOT NULL,
  PRIMARY KEY (`ID`),
  KEY `spotID` (`spot_ID`,`user_ID`),
  KEY `userID` (`user_ID`)
) ENGINE=InnoDB AUTO_INCREMENT=7 DEFAULT CHARSET=utf8;

--
-- Déchargement des données de la table `ss_report`
--

INSERT IGNORE INTO `ss_report` (`ID`, `spot_ID`, `user_ID`, `Message`) VALUES
(6, 196, 74, 'Forgot to add the stars for the hotel. 4 star hotel');

-- --------------------------------------------------------

--
-- Structure de la table `ss_spots`
--

CREATE TABLE IF NOT EXISTS `ss_spots` (
  `ss_spots_id` int(11) NOT NULL AUTO_INCREMENT,
  `ss_country_code` varchar(2) NOT NULL,
  `place_id` varchar(100) NOT NULL,
  `lat` double NOT NULL,
  `lng` double NOT NULL,
  `name` varchar(100) NOT NULL,
  `url` varchar(255) NOT NULL,
  `international_phone_number` varchar(50) NOT NULL,
  PRIMARY KEY (`ss_spots_id`),
  UNIQUE KEY `place_id` (`place_id`),
  KEY `ss_country_code` (`ss_country_code`)
) ENGINE=InnoDB AUTO_INCREMENT=121 DEFAULT CHARSET=utf8;

--
-- Déchargement des données de la table `ss_spots`
--

INSERT IGNORE INTO `ss_spots` (`ss_spots_id`, `ss_country_code`, `place_id`, `lat`, `lng`, `name`, `url`, `international_phone_number`) VALUES
(10, 'FR', 'ChIJC2AYcANl5kcRBFvJIOLBkOA', 48.8907576, 2.2379609, 'Les Quatre Temps', 'http://www.les4temps.com/', '+33 1 47 73 54 44'),
(11, 'US', 'ChIJuTC6QMIfmYAR2FzlT_qwZn4', 39.5380042, -119.43904, 'Tesla Gigafactory', 'https://www.tesla.com/gigafactory', '+1 877-798-3752'),
(12, 'GB', 'ChIJ86hTW9MEdkgRlYeYidQxUOs', 51.5138724, -0.13448730000005, 'Princi', 'http://www.princi.com/', '+44 20 7478 8888'),
(13, 'FR', 'ChIJX9qx0BzclEcRekJt8_AXUgE', 49.1160115, 6.1764541, 'La Fiesta', 'http://www.lafiestalorraine.com/', '+33 3 87 76 03 98'),
(14, 'BE', 'ChIJu-lLsqTDw0cRWO4IptvvDi8', 50.8527991, 4.3458276, 'La Marée', 'http://www.lamaree-sa.com/', '+32 2 511 00 40'),
(15, 'FR', 'ChIJBZkPFxhu5kcRWkJ7Qxqrukk', 48.8655362, 2.3463657, 'La Marée Jeanne', 'http://www.lamareejeanne.com/', '+33 1 42 61 58 34'),
(16, 'BE', 'ChIJKRWCcHKZwUcR_O8cc8mtD64', 50.4636054, 4.8658286, 'Pizza Hut', 'https://www.pizzahut.be/', '+32 81 22 78 04'),
(17, 'FR', 'ChIJEYLIxB5u5kcRGlRM6YhoV2c', 48.8609404, 2.3473672, 'Pizza Hut', 'http://pizzahut.fr/', '+33 1 42 33 71 43'),
(18, 'BE', 'ChIJ6XeiMO-w6kcRPUJdH0VMCzI', 49.6541091, 5.8185427, 'Pizza Hut Weyler', 'https://www.pizzahut.be/', '+32 63 22 29 36'),
(19, 'LU', 'ChIJM_4NT0tJlUcRtLxPjCeTr5c', 49.612628, 6.1054048, 'Restaurant Schéiss Sàrl', 'http://www.scheiss.lu/', '+352 24 61 82'),
(20, 'US', 'ChIJ55q7mh-nlVQRTOIy19bdavg', 45.5589637, -122.6466424, 'Random Order Coffeehouse & Bakery', 'http://www.randomordercoffee.com/', '+1 971-340-6995'),
(21, 'CA', 'ChIJ72K-DM8byUwRw5a-vS_Ni-0', 45.5250014, -73.5753992, 'Pub Pit Caribou', 'https://www.facebook.com/pubpitcaribou.montreal', '+1 514-522-9773'),
(22, 'FR', 'ChIJg5kDjCNn5kcRYqXfLJLTBk0', 48.9864475, 2.2138618, 'IKEA Franconville', 'http://m.ikea.com/fr/fr/stores/franconville/', '+33 9 69 36 20 06'),
(23, 'US', 'ChIJyXHHyfZawokRm6SBxpOHUxY', 40.6738864, -73.9990594, 'Other Half Brewing Company', 'http://otherhalfbrewing.com/', '+1 347-987-3527'),
(24, 'AT', 'ChIJi91eACiobUcReuSoZX7LfIs', 48.1916305, 16.354426, 'Austria Trend Hotel Ananas', 'http://www.austria-trend.at/de/hotels/ananas', '+43 1 54620'),
(25, 'ES', 'ChIJLVSywleipBIRQC305-mpQag', 41.3801051, 2.1759226, 'Roma Reial', 'http://hotel-romareial.com/', '+34 933 02 03 66'),
(26, 'BR', 'ChIJCeNx09ZZzpQRQIeOiIZJKN4', -23.5658009, -46.6657925, 'Italy Restaurante', 'http://www.italyrestaurante.com.br/home/', '+55 11 3168-0833'),
(27, 'IT', 'ChIJxZyChXpgLxMRJCGLwuOGaTg', 41.9053825, 12.4490967, 'Vaticano 68 B&B', 'http://www.vaticano68.com/', '+39 347 761 3329'),
(28, 'AR', 'ChIJd6X6tcTOvJURS4pTaQpq9Gk', -34.7095086, -58.4998228, 'Central Market of Buenos Aires', 'http://www.mercadocentral.gob.ar/', '+54 11 4480-5500'),
(29, 'GB', 'ChIJ68vBCFUbdkgR5CUqlcHifUA', 51.5176183, -0.096778200000017, 'Museum of London', 'http://www.museumoflondon.org.uk/', '+44 20 7001 9844'),
(30, 'GB', 'ChIJn_hp0tIEdkgRO61oF7-cG4M', 51.5148108, -0.13163800000007, 'Barclays ATM', 'https://www.help.barclays.co.uk/faq/cards/using-cards/atm-limit.html', ''),
(31, 'GB', 'ChIJ-w1L7NIEdkgRAzz5tP3AcW0', 51.5131358, -0.13092510000001, 'Bar Soho', 'http://www.barsoho.co.uk/', '+44 20 8914 7168'),
(32, 'GB', 'ChIJj_09M9IEdkgRKTmsXT5fxh4', 51.5104608, -0.13188239999999, 'Café de Paris', 'http://www.cafedeparis.com/', '+44 20 7734 7700'),
(33, 'GB', 'ChIJ68bm6kjGh0gRkyF0XlT5Rww', 55.950902, -3.1956862, 'National Gallery of Scotland', 'http://www.nationalgalleries.org/national', '+44 131 624 6200'),
(34, 'GB', 'ChIJFeo5vIjHh0gRCFuK-9meHmM', 55.9518081, -3.1852345, 'Edinburgh Waverley Train Station Car Park', '', ''),
(35, 'IT', 'ChIJy_KOgVpgLxMRI9SOGujPuDM', 41.9015388, 12.4723361, 'Osteria de Memmo', 'http://www.osteriadememmo.it/', '+39 06 6813 5277'),
(36, 'IT', 'ChIJset_azZgLxMRNVT6N-hsiDc', 41.8877679, 12.4771463, 'Ristorante le Mani in Pasta', 'http://www.ristorantedipescetrastevere.roma.it/', '+39 06 581 6017'),
(37, 'IT', 'ChIJrVodjlZgLxMR7FETS71t8m4', 41.9056388, 12.4772433, 'ReCafé', 'http://www.pizzare.it/', '+39 06 6813 4730'),
(38, 'IT', 'ChIJyWmRr1FgLxMRhj2f94uoBIs', 41.9005502, 12.4758828, 'Maccheroni', 'http://www.ristorantemaccheroni.com/', '+39 06 6830 7895'),
(39, 'IT', 'ChIJjQG-BzZgLxMRc8yOsRRoIYw', 41.8884138, 12.4780702, 'The Hole', '', '+39 06 589 4432'),
(40, 'BE', 'ChIJn28cUNBQw0cROWoMhMkx7O0', 51.2103542, 3.2228056, 'Bistro Zwart Huis', 'http://www.bistrozwarthuis.be/', '+32 50 69 11 40'),
(41, 'NL', 'ChIJoXf58McJxkcRQOppcdD5Nwk', 52.3765183, 4.8956789, 'Il Pacioccone', 'http://www.theredwinedistrict.com/il-pacioccone/', '+31 20 341 9099'),
(42, 'LU', 'ChIJE8Tm3CW06kcRdAqgDDY209E', 49.594636, 5.878303, 'Restaurant Shenyang Sàrl', 'https://www.facebook.com/restaurantshenyang/?ref=aymt_homepage_panel', '+352 26 50 27 08'),
(43, 'BE', 'ChIJrdY2Ktii6kcRR8RhxiLsevs', 49.7277582, 5.6483547, 'L\'Enfant Gâté', 'http://www.enfantgate.be/', '+32 63 40 05 55'),
(44, 'BE', 'ChIJodEddD6j6kcRwuYIlzfEP84', 49.734757, 5.6713549999999, 'les Plats Canailles de la Bleue Maison', 'http://www.lesforges.be/', '+32 63 42 42 70'),
(45, 'LU', 'ChIJg67-SdTK6kcRsMlLVQDGROU', 49.5005988, 5.9468062999999, 'Urban Belval', '', '+352 26 57 32 81'),
(46, 'BE', 'ChIJGxQyMD-26kcRF9XUUp5obMU', 49.5628183, 5.8345398, 'Pizza\'Crock', '', ''),
(47, 'LU', 'ChIJ2axIPQq26kcRR95NZpMpMmk', 49.5604721, 5.8715369, 'Restaurant - Brasserie Wax', 'http://www.wax-restaurant.lu/', '+352 27 58 02'),
(48, 'LU', 'ChIJKbRZCTNPlUcRQHZgl-DDzJQ', 49.612642, 6.140585, 'Um Plateau - Bar où manger', 'http://www.umplateau.lu/', '+352 26 47 84 26'),
(51, 'BE', 'ChIJfTrSrz-26kcRS_ZlcnXer8Y', 49.562444, 5.8375933, 'La Corne d\'Abondance', 'http://www.lacornedabondance.be/', '+32 63 37 03 45'),
(53, 'LU', 'ChIJUTSTBNJLlUcRVpueJtYC-1Q', 49.566068, 6.079882, 'Restaurant Am Bann', 'http://www.am-bann.lu/', '+352 26 37 41 37'),
(57, 'LU', 'ChIJv_CEptRIlUcR7gniE6dwPGA', 49.6100678, 6.1286305, 'Yamayu Santatsu', 'http://www.resto.com/yamayusantatsu/', '+352 46 12 49'),
(62, 'LU', 'ChIJdWydfStPlUcRcxPCsfJPusE', 49.6129071, 6.1295485000001, 'COCOTTES - Luxembourg-Ville', 'http://www.cocottes.lu/', '+352 28 26 12 90'),
(116, 'LU', 'ChIJiwd9mohJlUcRJMcPjmwFzRw', 49.5623742, 6.0668627, 'De Spackelter (Restaurant)', 'http://www.de-spackelter.lu/', '+352 26 37 08 37'),
(118, 'LU', 'ChIJ66eFVtTK6kcR3-LgOAhuDBA', 49.5013461, 5.9464021, 'Dimmi Si', 'http://www.dimmisi.lu/', '+352 26 54 33 33'),
(119, 'LU', 'ChIJIVrlXNTK6kcRl1xhaPStikY', 49.5010463, 5.9471235, 'Beeftro Belval', 'http://belval.beeftro.com/', '+352 28 99 81 90'),
(120, 'BE', 'ChIJma4Sebe36kcR1C5YnBQlq8o', 49.568937, 5.804763, 'RESTAURANT DE BOUCHES A OREILLES', 'http://www.debouchesaoreilles.be/', '+32 63 58 23 21');

-- --------------------------------------------------------

--
-- Structure de la table `ss_spotsbook`
--

CREATE TABLE IF NOT EXISTS `ss_spotsbook` (
  `ID` int(11) NOT NULL AUTO_INCREMENT,
  `user_id` int(11) NOT NULL,
  `spotsbook_name` text NOT NULL,
  PRIMARY KEY (`ID`),
  KEY `user_id` (`user_id`)
) ENGINE=InnoDB AUTO_INCREMENT=65 DEFAULT CHARSET=utf8;

--
-- Déchargement des données de la table `ss_spotsbook`
--

INSERT IGNORE INTO `ss_spotsbook` (`ID`, `user_id`, `spotsbook_name`) VALUES
(21, 45, 'Restaurant with nice terrasse'),
(22, 46, 'Paris'),
(23, 46, 'Ile de ré'),
(24, 46, 'Sydney'),
(25, 43, 'My New SpotsBook'),
(26, 48, 'OZ'),
(27, 49, 'Barcelona'),
(28, 51, 'joe test'),
(29, 43, 'New SpotBook'),
(32, 43, 'Test 1234'),
(34, 44, 'test'),
(35, 42, 'joey'),
(36, 42, 'joey'),
(37, 43, 'My Favorit Spotbook'),
(38, 73, 'Mes coups de coeur'),
(39, 76, 'Habay Family'),
(40, 80, 'Ibiza'),
(41, 80, 'London'),
(42, 75, 'Best Indian Cuisine in LA County'),
(43, 75, 'Best Hotels in Palm Springs, CA'),
(44, 54, 'Paris'),
(45, 54, 'Turkey'),
(46, 54, 'Istanbul'),
(47, 54, 'Atlanta'),
(48, 54, 'Madrid'),
(49, 90, 'Andros, Greece'),
(50, 96, 'dunno! what is is this website?'),
(51, 45, 'Bikers'),
(52, 45, 'Burgundy'),
(53, 106, 'Fred spots'),
(54, 112, 'Good Burgers Places'),
(55, 112, 'Nice for Afterwork'),
(56, 112, 'Nice for snack'),
(57, 112, 'Take away'),
(58, 112, 'Brazilian traditional dish'),
(59, 112, 'gargantuous meal'),
(60, 112, 'A meal without fuss'),
(61, 112, 'Refinement'),
(62, 112, 'Large choice for the sunday brunch'),
(63, 112, 'Great value'),
(64, 118, 'Exemple');

-- --------------------------------------------------------

--
-- Structure de la table `ss_spot_photos`
--

CREATE TABLE IF NOT EXISTS `ss_spot_photos` (
  `spot_photos_id` int(11) NOT NULL AUTO_INCREMENT,
  `spot_id` int(11) NOT NULL,
  `url` varchar(255) NOT NULL,
  PRIMARY KEY (`spot_photos_id`),
  KEY `spot_id` (`spot_id`)
) ENGINE=InnoDB AUTO_INCREMENT=409 DEFAULT CHARSET=utf8;

--
-- Déchargement des données de la table `ss_spot_photos`
--

INSERT IGNORE INTO `ss_spot_photos` (`spot_photos_id`, `spot_id`, `url`) VALUES
(1, 11, 'https://lh6.googleusercontent.com/-9NNeLpKN5NI/WM7amkqAeJI/AAAAAAAAA-k/po5qUWry6mQ7PN0zGxfSQYK5ZXEEtzKdwCLIB/w400-h300-k/'),
(2, 11, 'https://lh4.googleusercontent.com/-kA_unzquigs/V5wPwwoZK0I/AAAAAAAA4oY/aPd4JvkeE90D_G4hlYyLm5KmP1A_ETHnACJkC/w400-h300-k/'),
(3, 11, 'https://lh5.googleusercontent.com/-M6BiYPI6B6w/V9CDHR-Oc4I/AAAAAAAACaU/XBuaNOoa7e8WOp9jw-WptTsfpaYb9hETgCJkC/w400-h300-k/'),
(4, 11, 'https://lh3.googleusercontent.com/-btQ7dKWMOJc/WM7ahdL1CVI/AAAAAAAAA-k/2hTjIg2fOcQfHi5If9LSG8FTgSOYCxRzQCLIB/w400-h300-k/'),
(5, 11, 'https://lh6.googleusercontent.com/-vulaKZk2e4w/WCuFi7rFsgI/AAAAAAAAAkI/K2ESuw_-2o8YdPZlGmpH5lv9MMzmjSfhgCLIB/w400-h300-k/'),
(6, 11, 'https://lh6.googleusercontent.com/-3IxYz-OGMno/V51X4ZNnP4I/AAAAAAAAB04/LpmqE9uAGxQFv8qywIGqcUT9r3RO965CACJkC/w400-h300-k/'),
(7, 11, 'https://lh5.googleusercontent.com/-_BIHkc_brXc/V5wPpiJnd7I/AAAAAAAA4oY/hSyi6BMIgIgnZcnRhEFJ3xZdWuphBfqdQCJkC/w400-h300-k/'),
(8, 11, 'https://lh6.googleusercontent.com/-18fLqQVIf-g/V8sfqVOEjpI/AAAAAAAAwT0/0AqLe_JVwqsAI-PRr39S3kUb3-xWUH6TwCJkC/w400-h300-k/'),
(9, 11, 'https://lh6.googleusercontent.com/-2RreYUmkNJI/V5wPjb2O8kI/AAAAAAAA4oQ/C9P2gCTi2NQ14nEazmLdImMYwOZylM5vQCJkC/w400-h300-k/'),
(10, 11, 'https://lh3.googleusercontent.com/-gIkMuWczKmY/V51XDVwC1NI/AAAAAAAAB0s/44lvMk2m5jwcwCGZ9KhNUBdFuC1Yv0l5gCJkC/w400-h300-k/'),
(11, 12, 'https://lh3.googleusercontent.com/-UvvkUIetXrE/WDHZ7znJQsI/AAAAAAAAMpE/NRw5QVYMSuIM0IPMcOxy3sbOY85wkzIFwCLIB/w400-h300-k/'),
(12, 12, 'https://lh6.googleusercontent.com/-IimG0FFzb4k/V4elhPVoiXI/AAAAAAAAAbc/OFv9pYkgcKMd1RyrVdXdE6tOssgYC9XhACLIB/w400-h300-k/'),
(13, 12, 'https://lh6.googleusercontent.com/-EOukarvLeUg/V0DczAwo2vI/AAAAAAAAEKM/i0Y4uEgXuoMjxsb1MWYTbVlkgU2OSNnfQCJkC/w400-h300-k/'),
(14, 12, 'https://lh3.googleusercontent.com/-iFyAZXFGz2k/UflOIz5ixYI/AAAAAAAECwc/Zf-k5_2QJpYa2-oehv6olE3QweZrxdtsQCJkC/w400-h300-k/'),
(15, 12, 'https://lh4.googleusercontent.com/-B-2Kg46MnBk/V5TsuMNdoFI/AAAAAAAA9rc/WuCEVUk307kBdlvi4CFCU5HSAWv-mM8IACLIB/w400-h300-k/'),
(16, 12, 'https://lh6.googleusercontent.com/-UkdQDe5h0VE/WLExw6eiFcI/AAAAAAAAhIU/7ZymAhJFICMcF2v2OWTjcSSbxnQsPE00ACLIB/w400-h300-k/'),
(17, 12, 'https://lh3.googleusercontent.com/-DWU11tGb_vg/WEv6uXlBQ7I/AAAAAAAADU8/SiBDqSfD9TI7xu2VgL7-1KiUQYr2odTwgCLIB/w400-h300-k/'),
(18, 12, 'https://lh3.googleusercontent.com/-eb4tFRWP1KE/WLBQW81wbzI/AAAAAAAD8Pw/-REGsRrZXgE2QcIpbsecv2P0c8Ra2uh8ACLIB/w400-h300-k/'),
(19, 12, 'https://lh6.googleusercontent.com/-_KBkrYouLLs/V2VZjEi53CI/AAAAAAADogc/aJLmriGcHf0Q6aEvfVeh2LsUKYCYSEUMwCJkC/w400-h300-k/'),
(20, 12, 'https://lh3.googleusercontent.com/-ok6ONVJYIjk/UflOJYZsa8I/AAAAAAAEC4M/e2t57x7-Cn0TKfovXqBQOTo3qtg9n849wCJkC/w400-h300-k/'),
(21, 13, 'https://lh5.googleusercontent.com/-X1wItiDr990/WMqXHw1WCgI/AAAAAAAAoP0/dEQ3Xaz_SR8dGGJpvdBoiyLenU1eVutxACLIB/w400-h300-k/'),
(22, 14, 'https://lh6.googleusercontent.com/-I_tSgBcjCyU/V_YExSd7eFI/AAAAAAAAABk/Hi3FYD_SWZIWQH6ebY7OvH8u8BDr8YQFQCJkC/w400-h300-k/'),
(23, 14, 'https://lh6.googleusercontent.com/-lxvEpn7it-E/V_YEwRGqkwI/AAAAAAAAABk/7OvO53QGm88OhR6DP4lFA7iJtYESXzZOQCJkC/w400-h300-k/'),
(24, 14, 'https://lh3.googleusercontent.com/-BN_wYzegBhc/V_YEv1zRJhI/AAAAAAAAABk/A85gSoGfv7sfZvQJ_HkGsDI82DVkJhw0wCJkC/w400-h300-k/'),
(25, 14, 'https://lh6.googleusercontent.com/-ifVsntG0_-8/V_YEy1zD4QI/AAAAAAAAABk/3QHyxCdhsKkru9CgaexYphivzt9AOxC5gCJkC/w400-h300-k/'),
(26, 14, 'https://lh5.googleusercontent.com/-FEnm8GnACaA/WNvOnnhx08I/AAAAAAAAEsg/K3CzGoUue_4WmQDj3CXZPftHSkvmSMFgACLIB/w400-h300-k/'),
(27, 14, 'https://lh5.googleusercontent.com/-Od-5IG0F0MU/V_YEv9-7ZoI/AAAAAAAAABk/YJpSCRXFIQw04Rk2XcJy7MD9Zb5GM_owACJkC/w400-h300-k/'),
(28, 14, 'https://lh3.googleusercontent.com/-ITnAGDdm1LA/WCqLbF4RmbI/AAAAAAAAAFI/lDNtfANbKlkFmGipZj3KWc4cn0L638g6gCLIB/w400-h300-k/'),
(29, 14, 'https://lh4.googleusercontent.com/-tSE8loY5XI4/WNvOniypIvI/AAAAAAAAEsg/F78esB04uuYuqGF5_h18fzuWNs-ID3BNACLIB/w400-h300-k/'),
(30, 14, 'https://lh4.googleusercontent.com/-G0d_b4GLqko/V_YExpz7zWI/AAAAAAAAABk/S7UYsCe5wocL6FqjQ7oDNaUoMIyYHLm7wCJkC/w400-h300-k/'),
(31, 14, 'https://lh3.googleusercontent.com/-czRZEEkBEmU/V_YEyWqVrVI/AAAAAAAAABk/CkikXte81CUMNRKCTwjVYzPqSih1yJvTwCJkC/w400-h300-k/'),
(32, 15, 'https://lh4.googleusercontent.com/-uAlM1a7D-nQ/V04TLPQb49I/AAAAAAAADuw/5tDrRYCyIeQJBeRCFdRVTlOahTm1cFk7gCJkC/w400-h300-k/'),
(33, 15, 'https://lh4.googleusercontent.com/-V_traBfSKWU/Vn7npTuh-II/AAAAAAAAA_A/To4_upkk-4kyF3VcNTaH-zvhJmCusxTZQCJkC/w400-h300-k/'),
(34, 15, 'https://lh6.googleusercontent.com/-7uI5_IzyMug/WHywMVGKO-I/AAAAAAAAnGY/b7P9He24NZIf7R8JtaCdLC2EkTdNvOUsgCLIB/w400-h300-k/'),
(35, 15, 'https://lh5.googleusercontent.com/-LEXnfXGIqdQ/WMliD0t7qsI/AAAAAAAAFRU/CcYbGXoRqtgcpsZf_IvaO88tyJirYs6nwCLIB/w400-h300-k/'),
(36, 15, 'https://lh4.googleusercontent.com/-b7Imp0tGRz8/WHywH7PzqmI/AAAAAAAAm3w/YNUkt9r7GoA0MAHSP2olUYNYl2OLULssgCLIB/w400-h300-k/'),
(37, 15, 'https://lh3.googleusercontent.com/-8Rqi4jk9JJY/WIBSgK1qMjI/AAAAAAAAm7E/v92m0dMunXszTceiciyqUD9HbSXt0CDTACLIB/w400-h300-k/'),
(38, 15, 'https://lh3.googleusercontent.com/-C3Lqb_7ckYs/WHy0WJgzD7I/AAAAAAAAoaY/2FrsPfDVCEcu5nGvGM0qAOLT9rksGKz1wCLIB/w400-h300-k/'),
(39, 15, 'https://lh3.googleusercontent.com/-_wL1jZvcm54/WMPVdIP2WyI/AAAAAAAAqJQ/K1CQU5jWDgYbhrjyk9DzaE0UrYRpKrx8QCLIB/w400-h300-k/'),
(40, 15, 'https://lh5.googleusercontent.com/-gckO9wtMbOU/V43BK3LjxmI/AAAAAAAAQpE/Xaa8BlbQlAsUZyLym46uoDUkHruQ38RLgCJkC/w400-h300-k/'),
(41, 15, 'https://lh4.googleusercontent.com/-YBHzMnZL3Pk/WHy0YeSb6bI/AAAAAAAAoY8/5P8Kn_oJZ6kE3m4aiKWa8DC4gcWHreZrwCLIB/w400-h300-k/'),
(42, 16, 'https://lh4.googleusercontent.com/-pMB25qm1GvE/WIUhE9NehrI/AAAAAAAABME/mwAHvZvIkM8mCxiFnaO3UifObN4k_fGFACLIB/w400-h300-k/'),
(43, 16, 'https://lh3.googleusercontent.com/-TIxg4Y3Wi98/V8gcPW8gNVI/AAAAAAAAAAY/_kVDTSvN9RwLvoB9jtbY3qx7_WmHL7xnACJkC/w400-h300-k/'),
(44, 16, 'https://lh6.googleusercontent.com/-vdJ9K4b4ru4/V3BU23NttuI/AAAAAAAAAzk/yZJFtuC1_H8x3M31-xt8JVLOTOBZeeZvgCJkC/w400-h300-k/'),
(45, 16, 'https://lh5.googleusercontent.com/-Mywa5Vt_lJ0/WLreOAwKAlI/AAAAAAAAR54/k3GdJgSwrQ0sQMzTYvubrjJyUz6Bij15wCLIB/w400-h300-k/'),
(46, 16, 'https://lh5.googleusercontent.com/-m1kT5Zb0imU/WKS-oiwC2eI/AAAAAAAAABg/czw2373T2J8vND2Hsu4I2fFJNgo-W4-XACLIB/w400-h300-k/'),
(47, 16, 'https://lh3.googleusercontent.com/-7dO9kntlRz8/WLreOJB5NsI/AAAAAAAAR58/tJqxsz5p8DMoy7KXVVjFLp2Cvh0wlDicgCLIB/w400-h300-k/'),
(48, 16, 'https://lh4.googleusercontent.com/-lGLx-3ROpIw/WJLRDwV3kcI/AAAAAAAAACY/wlThGlVROq85caXigr-qbcRd7f6_qXBAQCLIB/w400-h300-k/'),
(49, 17, 'https://lh6.googleusercontent.com/-UMCzZ9qlsa0/V2bQ5cXSsMI/AAAAAAAAL_A/goJ1OBR2fGA5JNgDRQwrUZVc-yKaZzySQCJkC/w400-h300-k/'),
(50, 17, 'https://lh3.googleusercontent.com/-Z-r_zQyvQ7E/WGkH097rYCI/AAAAAAAADNs/cygIPq-wHY0DdThaxzFOlQldqWFm9wo8ACLIB/w400-h300-k/'),
(51, 17, 'https://lh5.googleusercontent.com/-oOjG3HwZjFY/WCXsoqXXtVI/AAAAAAABXpc/Gxh2tRS0HrocIKBJli-nLwmdiPj-et4bwCLIB/w400-h300-k/'),
(52, 17, 'https://lh5.googleusercontent.com/-1VH3UnUDa6k/WHYJWtdvlII/AAAAAAAAMWg/wksH7Rbfwy0Yf-DQ5ETutIEYWe8FRHS8ACLIB/w400-h300-k/'),
(53, 17, 'https://lh3.googleusercontent.com/-x3Lweaj2hus/WLW4CQJwXYI/AAAAAAAAvoA/mE4WSYXDOQgrPmmJFUiSWwyg_176rjYUwCLIB/w400-h300-k/'),
(54, 17, 'https://lh5.googleusercontent.com/-L4G80wc8qEA/WMaqFuEechI/AAAAAAAA2yc/HezzHULSEvUD5aNyqkycTuCqDdfV8qOGgCLIB/w400-h300-k/'),
(55, 17, 'https://lh5.googleusercontent.com/-Ntt72gPWGvQ/V2bQ_Tmuw6I/AAAAAAAAL_I/Kufe3fbHPPQn3rGi-DrKFPY_xGduzNMGACJkC/w400-h300-k/'),
(56, 17, 'https://lh5.googleusercontent.com/-elemI5PEA20/WHUziQZyofI/AAAAAAAAAWE/xK-EZaoYzOACKcviYaUDOQ22UzRpaqr-gCLIB/w400-h300-k/'),
(57, 17, 'https://lh5.googleusercontent.com/-Bwa6cQGMC-E/WHUzmQLOYRI/AAAAAAAAAWE/rUnmyVKxIOwtO1cSl6n6VgwYmGryAWGtgCLIB/w400-h300-k/'),
(58, 17, 'https://lh5.googleusercontent.com/-mIQPdl5unk0/WHYJR5ypHkI/AAAAAAAAMls/6WUn-LsBuCoS0j0YbMnsuhgVGxXlJtKuQCLIB/w400-h300-k/'),
(59, 18, 'https://lh5.googleusercontent.com/-KeCJFmL1yRw/WGRKUEC4UrI/AAAAAAABNpU/vd1GE7vT60w4JVS_59V6UTREIo0xp2ckACLIB/w400-h300-k/'),
(60, 18, 'https://lh4.googleusercontent.com/-4zFAdTqfDGI/WFQi3P9QjaI/AAAAAAACwW4/5FiyjH3oVi8lOL9x3aSPqeMeXZDc2FDPwCLIB/w400-h300-k/'),
(61, 18, 'https://lh3.googleusercontent.com/-v30ZIR9vkjM/WHIu-HEYH8I/AAAAAAABN98/GsT-7JCn4BgXexYMiGClv9xdAhVAuSHBwCLIB/w400-h300-k/'),
(62, 18, 'https://lh4.googleusercontent.com/-hdX3EfZJYD4/WLxvF_iJEkI/AAAAAAABois/_DabUYWkcYgRMHk59B4JIsrn_EEc9X1bQCLIB/w400-h300-k/'),
(63, 18, 'https://lh6.googleusercontent.com/-CsEFBhPmuHg/WGazXcUvaMI/AAAAAAAAA4E/PHnSEi2lO0giyE3z5o32SDoSZz_UoXIFACLIB/w400-h300-k/'),
(64, 18, 'https://lh5.googleusercontent.com/-z6i-j3_v-xU/WH4MbBdh4xI/AAAAAAAAS-A/lxV2IzNu6i4cnsd7ri6XOGhsqknuabetgCLIB/w400-h300-k/'),
(65, 18, 'https://lh5.googleusercontent.com/-c51F-qkz1zI/WMGclLV4vWI/AAAAAAAAYVc/90BCLqnOaPgxByhglD3P2cijrUaiZsk-QCLIB/w400-h300-k/'),
(66, 18, 'https://lh4.googleusercontent.com/-SUTinpbwhB4/WLAkz0BirnI/AAAAAAAAADw/h4wyufMrrMw1jyGt6lWbljdbvoFKG9JcACLIB/w400-h300-k/'),
(67, 18, 'https://lh3.googleusercontent.com/-bpvgPOFmM88/WLLE2K6xvSI/AAAAAAAAAnY/v3utReZxImsx2aJHc_qmIi7EHt1HTNydwCLIB/w400-h300-k/'),
(68, 18, 'https://lh4.googleusercontent.com/-_sA50ON9RN4/WH4MY2Y7TnI/AAAAAAAAS98/YV4gbYW_lhsQtg_Jiy-XXPbj6Uh0nnsjACLIB/w400-h300-k/'),
(69, 19, 'https://lh6.googleusercontent.com/-1dKQp9tiz-4/WL76ODv-JQI/AAAAAAAAAFE/Wq88LKrHOnoUHSZLI3AlX0djh7WwapGPwCLIB/w1600-h1200-k/'),
(70, 19, 'https://lh6.googleusercontent.com/-_-GkdSTuBXU/WL76Xq6sAaI/AAAAAAAAAFI/w5Ut9a-6EHcchfC3uKpVJTDC-IrJLseLwCLIB/w1600-h1200-k/'),
(71, 19, 'https://lh4.googleusercontent.com/-UlkQGLqgfuE/WIyKO9J8osI/AAAAAAAAFgs/_lCRNNg8vI0LniRXH-AEV5cVOx2jgTwPwCLIB/w1600-h1200-k/'),
(72, 20, 'https://lh6.googleusercontent.com/-_oATpr7DilM/WO7BJejRYkI/AAAAAAAASn4/RGbxOSmopfgIDw_cb2yX8938hcTh7nbLwCLIB/w1600-h1200-k/'),
(73, 20, 'https://lh4.googleusercontent.com/-qn0iq-7AyzI/WEyIyAx3PLI/AAAAAAACxw4/N73gpOPxZJ4hxDcW0hkClDC8V-9YpmfBgCLIB/w1600-h1200-k/'),
(74, 20, 'https://lh5.googleusercontent.com/-NKS4zrFYg10/WDtcIOa-URI/AAAAAAAABJc/nlaJTxiLQQI0NgG3VEaoHi8jtiP_vw60QCLIB/w1600-h1200-k/'),
(75, 20, 'https://lh5.googleusercontent.com/-7Md9yEE9sJg/VuhXTivKtbI/AAAAAAAAzmc/Xk3Jj8IaCyYwZ7b0A0FSfykm0wx5-G_HwCJkC/w1600-h1200-k/'),
(76, 20, 'https://lh4.googleusercontent.com/-LczDCKhJi6s/V6ET4ljGDTI/AAAAAAAASXg/WqbIwPIBabASp5GCM0utmyA2DK-LuWSDwCJkC/w1600-h1200-k/'),
(77, 20, 'https://lh6.googleusercontent.com/-r4rvOO_pIAM/WPtvIKljbSI/AAAAAAAAjxo/LdwW4LvhDk4zjE0Q290lTtbETwK2THejACLIB/w1600-h1200-k/'),
(78, 20, 'https://lh4.googleusercontent.com/-IDYZM-TssSk/WNr_aScYWKI/AAAAAAAATP8/euAisdr01LQeNUw0w1a801bAmlTI4aykQCLIB/w1600-h1200-k/'),
(79, 20, 'https://lh4.googleusercontent.com/-zd7SdtfDVoQ/WGqiQz-HiyI/AAAAAAAAbck/V5WT8S_1970BSQqfwz8fwCth4Iio0DwaACLIB/w1600-h1200-k/'),
(80, 20, 'https://lh3.googleusercontent.com/-BMaekLQAhps/WNsAzh9IyJI/AAAAAAAAXkI/8aq-Aqrv9AMAODarelgeTw5hgD91AvDTQCLIB/w1600-h1200-k/'),
(81, 20, 'https://lh3.googleusercontent.com/-etaOKhieWm8/WIveUMzDXUI/AAAAAAACxz4/xvY126FRFCEWTChgW0awIr8FsdLQSvWbQCLIB/w1600-h1200-k/'),
(82, 21, 'https://lh6.googleusercontent.com/-SBc-Y9rmvEM/V6oN-7SQNhI/AAAAAAAAABk/QMgyFCDtEycbiv7n9Hxn6yrKi5IOWVxbwCJkC/w1600-h1200-k/'),
(83, 21, 'https://lh6.googleusercontent.com/-YvtBOhz6Vw0/V8omZQQ3oWI/AAAAAAAAAH8/lTGE3KZudwIl7wKn-v1daM9AGJo20ELIgCJkC/w1600-h1200-k/'),
(84, 21, 'https://lh5.googleusercontent.com/-W5J8LmsEvd8/V6oQ9Ww30tI/AAAAAAAAAEE/PK1aiJuxcZEOQNyFmLoTQiMO68JpCW9TQCJkC/w1600-h1200-k/'),
(85, 21, 'https://lh5.googleusercontent.com/-dQunNhbKO-8/V0zlxx_YdeI/AAAAAAABE7c/6cD5HCcqclU4iB8iyEStV1zLWyiIhrlOACJkC/w1600-h1200-k/'),
(86, 21, 'https://lh5.googleusercontent.com/-bV8cjKi4YfE/V6oSUMezsgI/AAAAAAAAADQ/LJ54UR6F2AQPJMiRVy7vel-9-e0qAXLFQCJkC/w1600-h1200-k/'),
(87, 21, 'https://lh4.googleusercontent.com/-ehGczpoYzp0/V6oQojhgqyI/AAAAAAAAAGM/3kNZCSsJ4Uo_N83L3fcohnLTHaAgCyM0gCLIB/w1600-h1200-k/'),
(88, 21, 'https://lh3.googleusercontent.com/-VHyEQEq6bHM/WKn8rAO1JlI/AAAAAAAAOcE/ZDtJN4nqPIAMSCYntpvMMs5wN-Gcqp_oQCLIB/w1600-h1200-k/'),
(89, 21, 'https://lh4.googleusercontent.com/-DA-npPzI2EI/V6oQ9adxqlI/AAAAAAAAAFY/SnaijLTJNCIItC5mrw-Y6pR8PCu3K8Y-wCJkC/w1600-h1200-k/'),
(90, 21, 'https://lh4.googleusercontent.com/-sdBnkEs9how/WMWSZbUaWOI/AAAAAAAAHGw/CMLCW1abOkw16RqbDOA6_wzQYY3kalOjQCLIB/w1600-h1200-k/'),
(91, 21, 'https://lh5.googleusercontent.com/--qcSBnhDN4Q/WFXnRnQnT1I/AAAAAAAARCo/huMqgWGICyQKN97IfW7FBYuZngeQ-QjEgCLIB/w1600-h1200-k/'),
(92, 22, 'https://lh6.googleusercontent.com/-UvyHyyC4Cdk/WJcjb2WZSUI/AAAAAAAABMo/dVXcT8XHWes2YiV_ptOB33rLD5a-aQmngCLIB/w1600-h1200-k/'),
(93, 22, 'https://lh4.googleusercontent.com/-oxay_jRSmlw/V8mw4QkX1FI/AAAAAAAAAEU/753gUmvqZtQhMhmJKTPJxqSgrYoptvlrgCJkC/w1600-h1200-k/'),
(94, 22, 'https://lh5.googleusercontent.com/-1Oz0gnS2XpY/V7lwpQEbvRI/AAAAAAAAA4s/thk7RA0ORrIQjbvRXSmgdQp7tjZOIItPwCJkC/w1600-h1200-k/'),
(95, 22, 'https://lh6.googleusercontent.com/-chnkgnkhFBo/WOuUaj6IVRI/AAAAAAAADFM/oloO6Fa1at0X5k5LxGi1cL9yp1N3Er1BQCLIB/w1600-h1200-k/'),
(96, 22, 'https://lh4.googleusercontent.com/-Oev7KrGX2jo/WOuUUMb2FII/AAAAAAAADKs/sJJcwsyiak8bcM9XaenTrFak2_jjBuBdQCLIB/w1600-h1200-k/'),
(97, 22, 'https://lh4.googleusercontent.com/-ryaPSsITHcQ/WHUpLYTEbvI/AAAAAAAAANo/gi3DEWErnt4WvVO3TTT3saX5DshPjAwBACLIB/w1600-h1200-k/'),
(98, 22, 'https://lh3.googleusercontent.com/-b_sNVEuTazA/WHIyFeiiP8I/AAAAAAAAW6g/MEMk3KcVmUUB7PSYlzueBpjuC-LPbhacgCLIB/w1600-h1200-k/'),
(99, 22, 'https://lh4.googleusercontent.com/-ejZev3UeTtc/WIo8ugh4AxI/AAAAAAAAAE8/3ajnpN0C1dsqLgQ68AD3sUwtJS87b0gsACLIB/w1600-h1200-k/'),
(100, 22, 'https://lh6.googleusercontent.com/-cuZCNE2c48E/WNeb4h_ur3I/AAAAAAAAkdk/HF77pHzZdMQ4MktzWMa_pbiQDFbKsTBrwCLIB/w1600-h1200-k/'),
(101, 22, 'https://lh3.googleusercontent.com/-gySBzHhGfdU/WAzztqoEX1I/AAAAAAAAbko/VqlgpSMJ-Xw9jHUFEdb7j59nCx6vIYLhACLIB/w1600-h1200-k/'),
(102, 23, 'https://lh4.googleusercontent.com/-s-TX3c2nLgc/VAiO2uKi3RI/AAAAAAAAAAw/xQ6QvjdNYJYYOLG3y8n8Dp4aDtNfXeCBgCJkC/w1600-h1200-k/'),
(103, 23, 'https://lh5.googleusercontent.com/-s89zvKGemfw/VzdzgDIGfdI/AAAAAAAAQq4/ysC2tfp7irwJzL9UQdn2gJvZiGXE8aRFgCJkC/w1600-h1200-k/'),
(104, 23, 'https://lh4.googleusercontent.com/-2Gj55tiCYdk/WBTC3tA93BI/AAAAAAAANTU/6GUEzcOkiYYQ7-F-DmzqSQME1NMZuG6hwCLIB/w1600-h1200-k/'),
(105, 23, 'https://lh5.googleusercontent.com/-tzH5APnKrFI/V9nVap1MBnI/AAAAAAAAJFE/PtLsRpvNw2wdi0qnKjMMM9xJHYDEWDHLACJkC/w1600-h1200-k/'),
(106, 23, 'https://lh5.googleusercontent.com/-ANL3XJhIBTo/WJVK7ATuMqI/AAAAAAAAZpc/Khr9yQ9ZjNYsk7ST0n9FHBQEarwBAC0CQCLIB/w1600-h1200-k/'),
(107, 23, 'https://lh5.googleusercontent.com/-zBu8Dy5iDP8/VzdzqOg3MTI/AAAAAAAAQa4/oQEgqfJRNRoo1vxLDEhIlEV6b6kaX0h3QCJkC/w1600-h1200-k/'),
(108, 23, 'https://lh5.googleusercontent.com/-vfCewkXiQVU/WJJrxqNa7qI/AAAAAAAABHg/e87avOmKLcsErV36mHXt5mbTW3Jj42dLQCLIB/w1600-h1200-k/'),
(109, 23, 'https://lh4.googleusercontent.com/-OGGJJcuqmSs/VvaHOpihxRI/AAAAAAAAMxM/p2XUwbCsX24k0IGJST-xasyKjgZFIK41ACJkC/w1600-h1200-k/'),
(110, 23, 'https://lh4.googleusercontent.com/-tTW-qafP74c/WHpdR4NpaMI/AAAAAAAACL0/yWhbgHtQKU0ps2jxeOBKytVm-_tlrc6XgCLIB/w1600-h1200-k/'),
(111, 23, 'https://lh5.googleusercontent.com/-0Zl9G_kwuAs/WFbkHUoKckI/AAAAAAAAAI0/wxcHd-xok10Un3HBtqerRSWg8nVHEpL-ACLIB/w1600-h1200-k/'),
(112, 24, 'https://lh5.googleusercontent.com/-_DBVhiDAty8/VuEuXkBTM6I/AAAAAAAAALI/WNHM06U_lHsvslUCdiZbop8T0hK4ut_2gCJkC/w1600-h1200-k/'),
(113, 24, 'https://lh6.googleusercontent.com/-yN-Tvq4gHVo/VuEuX9hHGzI/AAAAAAAAALI/LYgSKB0gFcoOADoBpUpFyMn7xfY_1mFPwCJkC/w1600-h1200-k/'),
(114, 24, 'https://lh6.googleusercontent.com/-bcmPRAJR-qc/WPl0Lp3M07I/AAAAAAACCmI/lra58J6IBNIRxah4UrfHJKspxaoUrEGXwCLIB/w1600-h1200-k/'),
(115, 24, 'https://lh5.googleusercontent.com/-xW0DpwJ430k/VuEuXWm-0vI/AAAAAAAAALA/tIfBUpGTRNArpU_05RLkVAk8eQEuwpowACJkC/w1600-h1200-k/'),
(116, 24, 'https://lh4.googleusercontent.com/-Fs_8DCMCipI/VuEuYRlt8iI/AAAAAAAAALI/iRooPkJQbEYsQr7uVDHFk_7MRLJxEkhKwCJkC/w1600-h1200-k/'),
(117, 24, 'https://lh4.googleusercontent.com/-H7f2AP08Kzo/VuEuXYOIrDI/AAAAAAAAALA/q8L3T70PsI01AhS0JE0toKRIKMJDCVbggCJkC/w1600-h1200-k/'),
(118, 24, 'https://lh5.googleusercontent.com/-q8N_WOGQLeM/V8qz-THb-dI/AAAAAAAAGM4/qawhGm9RJToB-A0N2NC_pmBx_bfVaC56gCJkC/w1600-h1200-k/'),
(119, 24, 'https://lh3.googleusercontent.com/-T9M7mBwanjk/VQqXTcBvILI/AAAAAAAAAXI/e1pyZuM4oWk8mjwwAgNoxR9acFGuLf6BQCJkC/w1600-h1200-k/'),
(120, 24, 'https://lh3.googleusercontent.com/-ZZRosqt7tSI/WGTNKIR6jVI/AAAAAAAAWv8/ql7HYhOJknsYdD96taKt1YOmMAoObyLKwCLIB/w1600-h1200-k/'),
(121, 24, 'https://lh5.googleusercontent.com/-B-OIEFq0xnk/WDo1ofaHMII/AAAAAAAFP60/J0m3xmv8_NUSYjkTVVnxPhxTxvSqNIXBgCLIB/w1600-h1200-k/'),
(122, 25, 'https://lh4.googleusercontent.com/-dC5h5s8LIkA/V6r8YlR2CHI/AAAAAAABvfQ/pT5ZVyNzEBwZZw2iOjvUPCgGsSc0aZJRwCJkC/w1600-h1200-k/'),
(123, 25, 'https://lh4.googleusercontent.com/-HoDUlTsaOqw/WGTStkpVUvI/AAAAAAAAGWg/avBJYu2OxdAw3-DM5Ill-fur0j3_L4bugCLIB/w1600-h1200-k/'),
(124, 25, 'https://lh3.googleusercontent.com/-Q4C3o040Y_s/WGTSWyOao3I/AAAAAAAAGWo/1eX8N0p-cSwTPY2EIomgrX7I9J0FzHLlwCLIB/w1600-h1200-k/'),
(125, 25, 'https://lh5.googleusercontent.com/-RsguvZeMRjA/WPBq4JfTKKI/AAAAAAAAGLk/uq00tTzwnfMtQS-E1tzrSgGuAGPtg0IeACLIB/w1600-h1200-k/'),
(126, 25, 'https://lh4.googleusercontent.com/-Oz97O01jKEk/V6r8XBfIsdI/AAAAAAABvfU/yfhEJ07Az-0p7S9EQAfePY2RJwfDT4sEwCJkC/w1600-h1200-k/'),
(127, 25, 'https://lh4.googleusercontent.com/-ivTBljzm7I4/WJuF7K0XHWI/AAAAAAAAZQY/V8cVgjUJqBUiF84TPbCSX2KDY1DYMzCsgCLIB/w1600-h1200-k/'),
(128, 25, 'https://lh5.googleusercontent.com/-N9QB8MQceSY/WL5xKgQ0ZuI/AAAAAAAAAIA/ELSvQVz7PXMy9Y9XkkA1-hGOGbvfC0yTwCLIB/w1600-h1200-k/'),
(129, 25, 'https://lh4.googleusercontent.com/-GOvcneYtu38/WL5xP0WwaUI/AAAAAAAAAH8/w72oCDhfOzoK9rgqYE5Z8z57-qTSj866wCLIB/w1600-h1200-k/'),
(130, 25, 'https://lh4.googleusercontent.com/-KcDg8iJXBvs/WL5xDLRTH_I/AAAAAAAAAIE/dU0ElY4bVUgr51N2MILx1xCdGdHaxcFfQCLIB/w1600-h1200-k/'),
(131, 25, 'https://lh4.googleusercontent.com/-s7eetKR6Mx8/WKdiv3aQDII/AAAAAAABR_A/qRU-q8mzYtIvqPhyqVzKYUGMdrJdBI1owCLIB/w1600-h1200-k/'),
(132, 26, 'https://lh5.googleusercontent.com/-VXzV7Jf1Ofs/WOEc3NmGSmI/AAAAAAAAD1c/X58KKnzg1_0aVgjkimim21dY5_ckEvlTgCLIB/w1600-h1200-k/'),
(133, 26, 'https://lh4.googleusercontent.com/-IgDYLYS8kvU/WITDmk_RYxI/AAAAAAAADcU/uZ8I86NyB5gOjZvUov_VWZiSAlo9mBeoQCLIB/w1600-h1200-k/'),
(134, 26, 'https://lh5.googleusercontent.com/-ueQkTWB4T2Q/WLRxZZjsE_I/AAAAAAAAVjs/b5KwoPJ_fx0pD3_Jj_WZ4Hc21ZxD6TJcgCLIB/w1600-h1200-k/'),
(135, 26, 'https://lh5.googleusercontent.com/-HaLy7jCCXbk/WPox0HrTEoI/AAAAAAABPic/fzNFRuV7iFUM5UB8l0StAvhQ8ilAFmz4gCLIB/w1600-h1200-k/'),
(136, 26, 'https://lh6.googleusercontent.com/-aP-DQ_Ik2sw/WLRxX3eBPBI/AAAAAAAAVjs/PONVy4s18WEVq_xoXpzdJAQGyHIxoi60wCLIB/w1600-h1200-k/'),
(137, 26, 'https://lh3.googleusercontent.com/-kpqVadvrqEc/VsKmZS2jbQI/AAAAAAABDXo/tWDGWIvJrnwOIDWtPwSNVD8ynA8LzloJQCJkC/w1600-h1200-k/'),
(138, 26, 'https://lh6.googleusercontent.com/-8SbzPxGy8ho/WLTMrb3g1vI/AAAAAAAAARU/HuqgQUHyxWokMx_THvHUbvsz0HBRldiggCLIB/w1600-h1200-k/'),
(139, 26, 'https://lh6.googleusercontent.com/-v_Do4K_uuJw/WMHPQL8PRMI/AAAAAAAB-3Q/UrtZz09bTIYTf8JElKqm-6UejiAbjVi2ACLIB/w1600-h1200-k/'),
(140, 26, 'https://lh4.googleusercontent.com/-Sjy-Ocfc87w/VnmbdZrZViI/AAAAAAAAgcg/hlcDo5j5GacUmyGnxrbxctUhwuC_2XHNQCJkC/w1600-h1200-k/'),
(141, 26, 'https://lh6.googleusercontent.com/-4XPdoC0Iae8/VnmbbvtyJAI/AAAAAAAAgcY/nl1iEcfn57cmfbE2IU8nCfTaeMFNvyHXACJkC/w1600-h1200-k/'),
(142, 27, 'https://lh6.googleusercontent.com/-6aKfNlRZ_V0/WDl9yhpUz6I/AAAAAAABUpA/sIKMhD3QW0oSm0rXrANN3PlhLWwbP8fDACLIB/w1600-h1200-k/'),
(143, 27, 'https://lh3.googleusercontent.com/-X-Hgo8uktGI/VNWac10frRI/AAAAAAAAAA0/oEzkPQyH9XUFGM4YoGLag8spMQHyTpUrQCJkC/w1600-h1200-k/'),
(144, 27, 'https://lh6.googleusercontent.com/-PRL9_x7uoMQ/VNWab9eAeoI/AAAAAAAAAAk/BstRJbTIgIMwWCXOVhyPxpDIObvRGssAACJkC/w1600-h1200-k/'),
(145, 27, 'https://lh4.googleusercontent.com/-W83-MH49o9s/VNWadv3wpyI/AAAAAAAAAA8/l3bnIrxjz7ErXWZS8DDcNMndpQ977UHCQCJkC/w1600-h1200-k/'),
(146, 27, 'https://lh4.googleusercontent.com/-QGnVtK0S7OI/VNWabUJZdoI/AAAAAAAAAAc/RK9hROh4sLYNDuZZ41EX-4OzXfr91WOEACJkC/w1600-h1200-k/'),
(147, 27, 'https://lh5.googleusercontent.com/-qU7-uFNkVlE/VNWaeCi5s5I/AAAAAAAAABE/91zedTmdDXwW6lEeoYictSugsOBBcjSXwCJkC/w1600-h1200-k/'),
(148, 27, 'https://lh5.googleusercontent.com/-tNkmPTcl60A/VNWacdoTOwI/AAAAAAAAAAs/99qFz_TdS_4idxn9cfVqHu1TZFJamcYawCJkC/w1600-h1200-k/'),
(149, 27, 'https://lh6.googleusercontent.com/-QA3_-VecNKE/VpkdICxMyII/AAAAAAAAAAc/_wkfGZJw8Sg7ZhO2SvnyMsTtm0Ih1giXQCJkC/w1600-h1200-k/'),
(150, 27, 'https://lh3.googleusercontent.com/-uJ6DiZfKycw/WERf7sN264I/AAAAAAAAhpg/C9xjeCc2hMUbw5J3wBVRev6WwiwuS3VaACLIB/w1600-h1200-k/'),
(151, 27, 'https://lh4.googleusercontent.com/-oynkgr3146A/WERf2xrMrGI/AAAAAAAAhpg/VBtSIRa9zW0X10E7oZYa31xjbDC9sDuvACLIB/w1600-h1200-k/'),
(152, 28, 'https://lh6.googleusercontent.com/-up7N6l4peV8/WD8OaequdtI/AAAAAAAAXzg/Q3ZDGIZRDlcyQyBB5uQ2UEHPv73ZQuDmQCLIB/w1600-h1200-k/'),
(153, 28, 'https://lh6.googleusercontent.com/-BkgrNQMrdUU/V6ezjU_EfzI/AAAAAAAAApk/6OmtbJfqchIDNdEbcQEe-MZ-sInnhxOEgCJkC/w1600-h1200-k/'),
(154, 28, 'https://lh4.googleusercontent.com/-zJpheaJIPPM/WNaQqSMB_gI/AAAAAAAAZZk/psub4W9GiZccGEoBJJ8pZNqy2In0MOazwCLIB/w1600-h1200-k/'),
(155, 28, 'https://lh5.googleusercontent.com/-QmkJ0cEp8y8/V1CBo9FHhvI/AAAAAAAACVM/TqRQTgWCZZkIvBeXMFhXWZQOJXD2F01mACJkC/w1600-h1200-k/'),
(156, 28, 'https://lh3.googleusercontent.com/-biV1BS8ZhV0/WOmMGmVPynI/AAAAAAACHYQ/w3OtxgWrg5k5qXrxLJ-t6qBrV0O0E7TiwCLIB/w1600-h1200-k/'),
(157, 28, 'https://lh5.googleusercontent.com/-jdtDcTZ6CEQ/WLrb1dYUAhI/AAAAAAAA1YE/kok2XI7yIbEBPYIsKEW2wL3Erqvm2YmugCLIB/w1600-h1200-k/'),
(158, 28, 'https://lh6.googleusercontent.com/-b5IjkVj0B_Y/WOEgQKThHYI/AAAAAAAAbi8/J2-6-LSASUMAZefqzPFUMLh1iYHA4uwbgCLIB/w1600-h1200-k/'),
(159, 28, 'https://lh5.googleusercontent.com/-EJ66vYtW3_c/V21hZf7UdEI/AAAAAAAAANU/N4ya2KwDqYMXHB13vHU5UXU8SY2V0W7OwCJkC/w1600-h1200-k/'),
(160, 28, 'https://lh4.googleusercontent.com/-_K1z3XHFT-I/WBxxlD6LcdI/AAAAAAAA1qU/uECArNxZgdMve9waGKCcuEheIjQxk4hKQCLIB/w1600-h1200-k/'),
(161, 28, 'https://lh4.googleusercontent.com/-RWGQg_VHXC8/V7I3qGJaVmI/AAAAAAAAAAc/rM_DSeeoxc8AQ86Vygq2goROf9oBEEjBwCJkC/w1600-h1200-k/'),
(162, 29, 'https://lh6.googleusercontent.com/-LjsZ2RDor10/VFEWGziD9BI/AAAAAAAAAA0/IvSqe6uhe1Qpcnpv-246shWNCorTSCfngCJkC/w1600-h1200-k/'),
(163, 29, 'https://lh5.googleusercontent.com/-ZUJeQTAe6-k/WJQV8bsyFiI/AAAAAAAAZMQ/iePjTzgi-WIAxInzWLUVMgF2ZYivyI_-ACLIB/w1600-h1200-k/'),
(164, 29, 'https://lh5.googleusercontent.com/-rGLF3WBRRno/WC3BSRZYRLI/AAAAAAAAPAM/EXy4zhmecPwTOVSZ7UHEK9fUooxPNyN0gCLIB/w1600-h1200-k/'),
(165, 29, 'https://lh3.googleusercontent.com/-JdvecrSjEx0/V-G4qIjp-SI/AAAAAAAHshs/WBx7aljUlE0-Q3aqdxPLh8-vvIc81FGwwCJkC/w1600-h1200-k/'),
(166, 29, 'https://lh5.googleusercontent.com/-ivhknwJrlXU/V-0yq8p7VPI/AAAAAAAAAzs/cqxovCUcn8cBN_MT2iIeWvXAlvRaUdsQACLIB/w1600-h1200-k/'),
(167, 29, 'https://lh4.googleusercontent.com/-iFKXPm6Vm-4/VqvdFOmtu8I/AAAAAAAAIbc/8MGtULjiHN8WSrLHa-B77-KDg--9Xs7RQCJkC/w1600-h1200-k/'),
(168, 29, 'https://lh3.googleusercontent.com/-sD1BShjblUY/WHmUtF1DAlI/AAAAAAABL0o/mx1TsoM9ePQ9H10cebX-_H90MQ_06P9kQCLIB/w1600-h1200-k/'),
(169, 29, 'https://lh3.googleusercontent.com/-Ou8tncm2zBs/WQb-nv_SOdI/AAAAAAAAZ_A/6o4eFDUQLv4wVY2YMp-jme5TpeCCZd0HgCLIB/w1600-h1200-k/'),
(170, 29, 'https://lh6.googleusercontent.com/-kp4a1yzM1Uw/UYu2eSqyNjI/AAAAAAAAR-c/AyUQ5BhK7Vs7rBTcwbu79JMGt9KHPnyDACJkC/w1600-h1200-k/'),
(171, 29, 'https://lh6.googleusercontent.com/-ClSW-zInN38/V7yksuwvfzI/AAAAAAAABCc/n3rBiutXRwA8CtN2fZDwAa00syTswYtKACJkC/w1600-h1200-k/'),
(172, 30, 'https://lh3.googleusercontent.com/-66jxetLAiF8/WBc386I2riI/AAAAAAAAPHk/4NwVVdRhhBg0Hroozy6jkvYjxvObaevHACLIB/w1600-h1200-k/'),
(173, 31, 'https://lh5.googleusercontent.com/-CgBRo7GO6bA/WNlUC2GPvYI/AAAAAAAAPq4/lSDF5eZ7sQE_Z7AZ1g_hhXI5BEJZH1EGACLIB/w1600-h1200-k/'),
(174, 32, 'https://lh5.googleusercontent.com/-Joj8sCVvgD0/V6CDb8AB54I/AAAAAAAAADs/VZaTZlQv33EBWcf-ie3NI8jYeQHCFWu7wCJkC/w1600-h1200-k/'),
(175, 32, 'https://lh5.googleusercontent.com/-RebYEGnoGOM/WHfmJpWeUPI/AAAAAAAABfg/Tjt_oBtyVoY3348_TnSZE8UWu55msV6dQCLIB/w1600-h1200-k/'),
(176, 32, 'https://lh3.googleusercontent.com/-eSntgYl-zAU/Vy9T4i-XiiI/AAAAAAADAmk/abCnsv372igIFDecVakesivexbTaZOaoQCJkC/w1600-h1200-k/'),
(177, 32, 'https://lh5.googleusercontent.com/-CmF5E6h4kiI/WJZ98pUe4II/AAAAAAAAAPM/dKdVYaPpx58EGHzxq0QqrRbCpHVlloKgwCLIB/w1600-h1200-k/'),
(178, 32, 'https://lh6.googleusercontent.com/-LI6BRFFsN8w/WAvIOXdqJ0I/AAAAAAAABS4/pknhAkpLr9MH63XArvQuU_oCbYZ72nSmACLIB/w1600-h1200-k/'),
(179, 32, 'https://lh3.googleusercontent.com/-wKQ2cUqDUb0/VzuKdvKywLI/AAAAAAAAAEI/R1r0VllVk6MyhkJrchOvUoXMeldC3we2gCJkC/w1600-h1200-k/'),
(180, 32, 'https://lh3.googleusercontent.com/-jypu1rxUMRE/WHYeMuufqhI/AAAAAAAENes/3Mt9KBrSGW4FMr1Si-GTqqGTqWlc1JdIgCLIB/w1600-h1200-k/'),
(181, 32, 'https://lh5.googleusercontent.com/-pCaBOfZ00Lc/WD3DymNbjkI/AAAAAAAAjoY/6ycvlMrBlPglvnFvbR1F60wuTMFio2RDACLIB/w1600-h1200-k/'),
(182, 32, 'https://lh6.googleusercontent.com/-b91tPfwGApM/V6CFhkx3m1I/AAAAAAAAAEA/1rcWkf22zFs2lXZ_gft2PgCwkLA0OOhjQCJkC/w1600-h1200-k/'),
(183, 32, 'https://lh3.googleusercontent.com/-G_JIwMn1BoU/V6CE6NkGcNI/AAAAAAAAAEA/WZ6wcBqhlagUL61Q6-wkCocLn-A0D6PdwCJkC/w1600-h1200-k/'),
(184, 33, 'https://lh6.googleusercontent.com/-Vq6p6H_xMZ4/V8T0MIK_sGI/AAAAAAABlyQ/VjS1dphh3Uc5_o21DshlMi-YniZNgqCYgCJkC/w1600-h1200-k/'),
(185, 33, 'https://lh4.googleusercontent.com/-2kX2K8zp5IU/Vo6aP-ynXiI/AAAAAAAAjOs/1CJZ2x4lghMtrQmKOuLjIB-7pQqTXjKhgCJkC/w1600-h1200-k/'),
(186, 33, 'https://lh3.googleusercontent.com/-3K8PEuIIf6Q/V_BnioaIeaI/AAAAAAAAW_k/enFTVN4qNnwfXa7IUHs8nAMc2bs5dGTQgCLIB/w1600-h1200-k/'),
(187, 33, 'https://lh4.googleusercontent.com/-5O8NZMSTWek/V7BOHNdMA_I/AAAAAAAARWs/t323A7AyGmw6wwLC5FivL48iIwrZnAGqQCLIB/w1600-h1200-k/'),
(188, 33, 'https://lh6.googleusercontent.com/-okQwQV-sFCg/WELOVBa-XvI/AAAAAAAAyiQ/Hkh9BPp6YkQ36icPD3XledirFsaQzJywgCLIB/w1600-h1200-k/'),
(189, 33, 'https://lh5.googleusercontent.com/-0EYRz2jujgc/V-KOyQDIMYI/AAAAAAAAAV4/DBI9KDqYYiohNLrNXHl3x6mmgGdnSMZtgCJkC/w1600-h1200-k/'),
(190, 33, 'https://lh6.googleusercontent.com/-GSlLBlf6-JQ/WF5_XfrKpaI/AAAAAAAADIk/rzTykifDYsEhJlJYPOvCoCsiG74LwqWugCLIB/w1600-h1200-k/'),
(191, 33, 'https://lh6.googleusercontent.com/-uaEIWxA5bDY/WQI-lRNE5NI/AAAAAAACPIs/uUVreHgfE9YyK3OZEb2I5nyaHk05ubSgACLIB/w1600-h1200-k/'),
(192, 33, 'https://lh5.googleusercontent.com/-DMpyxukCybY/V7BOIeo4cHI/AAAAAAAARbc/E_9tsGXmt_kol8BsvbcKjzPPmHhzqP5-gCLIB/w1600-h1200-k/'),
(193, 33, 'https://lh3.googleusercontent.com/-Bsjbywj7Oi0/V2PHqxS6MzI/AAAAAAAASQs/YfRMERSYz-0L7bBTAl7dOmi3GzHGPtMpgCLIB/w1600-h1200-k/'),
(194, 34, 'https://lh5.googleusercontent.com/-rMYr8tco5nc/V4c7cEL6rvI/AAAAAAAAIjY/owXjMCe8oH4849g5_uC-6RujD9IMPcqLQCJkC/w1600-h1200-k/'),
(195, 34, 'https://lh6.googleusercontent.com/-uDNOR5oEnMo/WKorkHX0QqI/AAAAAAAAOIY/pyqCLZcSY9EQ8cEMGbpJGJW6xVhElVfrwCLIB/w1600-h1200-k/'),
(196, 34, 'https://lh4.googleusercontent.com/-6d1raghnoNA/WM5k2snsYNI/AAAAAAAAVB4/hHx-2jnzYZEBJAXhR3ytacl5cjRQ7wbZACLIB/w1600-h1200-k/'),
(197, 34, 'https://lh6.googleusercontent.com/-ZH9zr_wUXVc/WM5k2mqjhxI/AAAAAAAAVB4/_TORI6EE1-QCX6aPxUdNYAm_Y5A2HPcfQCLIB/w1600-h1200-k/'),
(198, 34, 'https://lh3.googleusercontent.com/-mDwAiM0fqrY/WOFCaNFqZSI/AAAAAAACEhY/XALrcokclWgtEwVn8pKw06Md-SFahdEVwCLIB/w1600-h1200-k/'),
(199, 34, 'https://lh3.googleusercontent.com/-oq2zVi9cnZI/WKorkHTa_JI/AAAAAAAAOIY/gOXzaVrILW8gUi-UXxW90BTpDWcNTywTgCLIB/w1600-h1200-k/'),
(200, 34, 'https://lh3.googleusercontent.com/-9k8JpPh2qh4/WM5k2qv8M5I/AAAAAAAAVB4/qKb5PERJWj4TzXcSWtcHsWO9mDbtA7DawCLIB/w1600-h1200-k/'),
(201, 34, 'https://lh5.googleusercontent.com/-Bx2cGyYRPbQ/WOFCaOgD-8I/AAAAAAACHCg/IiXQZyhYgSsxN9aOBAmVciHdtD19QGrMACLIB/w1600-h1200-k/'),
(202, 34, 'https://lh4.googleusercontent.com/-8WP3GHWvAkE/V58VDvMyXsI/AAAAAAAABbk/U5Eg-s4MvIE3mh23Rw-FSuf4XkIXOLpHACJkC/w1600-h1200-k/'),
(203, 34, 'https://lh3.googleusercontent.com/-Cuj1CIWcK4Y/WM5k2hQ21XI/AAAAAAAAVB4/B1-UJGyaGZMTU9gx_eX4uneZJ32JYToBACLIB/w1600-h1200-k/'),
(204, 35, 'https://lh3.googleusercontent.com/-hOkeUy9NQpg/V_aw9BL1NhI/AAAAAAAAAW8/EC4paDifOAQRFXANw00_95VHnDccO22IwCJkC/w1600-h1200-k/'),
(205, 35, 'https://lh3.googleusercontent.com/-DSpW_27D-kY/WOHiy8reeaI/AAAAAAAAbGY/sgTuO-Pm-I0zREM-srw4hUgLP4-LC3ojwCLIB/w1600-h1200-k/'),
(206, 35, 'https://lh6.googleusercontent.com/-qZadoNiIb1Q/WA-LwVtHAYI/AAAAAAAACHk/mXZJlJKWm_kBgNv0jTWLPnKX6RimM0pbQCLIB/w1600-h1200-k/'),
(207, 35, 'https://lh3.googleusercontent.com/-yxQOD5JPphw/VxzJnUNOnBI/AAAAAAAAgNw/ShlBdY4XrV0kdmuug9JYDZXHrxGd1C0SgCJkC/w1600-h1200-k/'),
(208, 35, 'https://lh6.googleusercontent.com/-KAnMzi-yc4g/V9mBtBkIkYI/AAAAAAAAQds/X8FPjW225SsnMBUP5Y6jCeKppSMIpIa1QCJkC/w1600-h1200-k/'),
(209, 35, 'https://lh6.googleusercontent.com/-vh4WhY_PEJ0/WGYfqZF5dOI/AAAAAAAAFB8/qkVY9yHxd5ces50ftqTAu2OJhLw3jKwpwCLIB/w1600-h1200-k/'),
(210, 35, 'https://lh6.googleusercontent.com/-vM7PYNu20do/WOHiy6M9nXI/AAAAAAAAbHo/Gkt0-VqWW_c7_bk6YgA-ejR_tR01OW8kACLIB/w1600-h1200-k/'),
(211, 35, 'https://lh6.googleusercontent.com/-7Qocql5pqmA/WA-L4EsJ8XI/AAAAAAAAB_4/WgjNdE0XSFYME0NBZJLBntRa7xoPMPm7ACLIB/w1600-h1200-k/'),
(212, 35, 'https://lh6.googleusercontent.com/-Q7qcVhDJvjg/V-S_PieOLEI/AAAAAAAAszs/rOjzEo6ZGlE33qA0wKMNHnei-g-PBlIpQCJkC/w1600-h1200-k/'),
(213, 35, 'https://lh6.googleusercontent.com/-6M_4F2LQDd8/WOHiy47rCXI/AAAAAAAAbT8/hXCWo4e7LUABoEi5rpbOnHiiY6a6eO30ACLIB/w1600-h1200-k/'),
(214, 36, 'https://lh4.googleusercontent.com/-iNfWo-eduYk/WIst746wCEI/AAAAAAAAABM/U_7HHVcdHUoQzep5ei7VgGsbUIEwm2dqwCLIB/w1600-h1200-k/'),
(215, 36, 'https://lh4.googleusercontent.com/-5k1zhXsXfYA/WRKB45Oo8RI/AAAAAAAABss/K5OieLYnrwk13tgp6G-GKadvpfg7aDclQCJkC/w1600-h1200-k/'),
(216, 36, 'https://lh6.googleusercontent.com/-p-Z5BM8jB3Y/WP_0YuPFUGI/AAAAAAAADWo/n3V3fWQUrUs4p3rMQnQurNX5hm6h-sgdACLIB/w1600-h1200-k/'),
(217, 36, 'https://lh5.googleusercontent.com/-U-c01JTm6I8/V9cNgKF6hrI/AAAAAAAAeaI/6CO-m6Yulkw8W5ewljD8_zyIktvuHtqiACJkC/w1600-h1200-k/'),
(218, 36, 'https://lh5.googleusercontent.com/-Ry5kcCS_SsM/WLIYX-rQtuI/AAAAAAAACuE/Ar8wiJNvH5M3z48TO-atE67kexVLBijJwCLIB/w1600-h1200-k/'),
(219, 36, 'https://lh3.googleusercontent.com/-LCS-r7RaOcM/WJJHGqH6YjI/AAAAAAAAAC0/-1UpY4HLzn06FtC0e_0RCsrYLX-dGL5zwCLIB/w1600-h1200-k/'),
(220, 36, 'https://lh4.googleusercontent.com/-swN2rxJP5-M/WM1zV3R7r7I/AAAAAAAA7FY/uXffe5I2lDUe2qHWdu4hw2XNa8LhlILuwCLIB/w1600-h1200-k/'),
(221, 36, 'https://lh6.googleusercontent.com/-jYmtoHJU09s/WPPG8kN5znI/AAAAAAAAJr8/W3D9Cj_NhOMpWyXz3rZiFSns7BcLIWPDwCLIB/w1600-h1200-k/'),
(222, 36, 'https://lh6.googleusercontent.com/-8uMLAPi2Dds/WNGO6bdsrZI/AAAAAAAARMA/U_R4SPrz54Y2adW8MNoitKV640ul_MzdQCLIB/w1600-h1200-k/'),
(223, 36, 'https://lh3.googleusercontent.com/-Iloxb873ZlQ/WIstv_DA2NI/AAAAAAAAABg/WbW-W_ycdGwhpBWFFtHxsxQ0P0G-PUj3QCLIB/w1600-h1200-k/'),
(224, 37, 'https://lh5.googleusercontent.com/-jgJu6dpzZEE/VNbL7ErNFdI/AAAAAAAAATE/m68ZwgTf2v8EXtaKa2wjS_mKV-AwIR67QCJkC/w1600-h1200-k/'),
(225, 37, 'https://lh5.googleusercontent.com/-v34wTpAe8yc/VzsUsd5CAcI/AAAAAAAAAJ0/B1U33Svs2zYo_nvuN-Fv_Zh7PyZq2M4wgCJkC/w1600-h1200-k/'),
(226, 37, 'https://lh6.googleusercontent.com/-6a89ZcdFqOY/WNEUZSfvlzI/AAAAAAAADpk/TSMLgFNN7fQPWYNzhwYb_PCki_T9qpDOACLIB/w1600-h1200-k/'),
(227, 37, 'https://lh5.googleusercontent.com/-37iQuC9td_8/V8smcrYhuQI/AAAAAAAAAZw/QGjSxAo9qfg9XnxOsw_BKD0oX983DFezgCJkC/w1600-h1200-k/'),
(228, 37, 'https://lh5.googleusercontent.com/-sNhR2YVqz9I/VNbL6TB8qEI/AAAAAAAAATA/eSthXfPa1ioUU178Sq2ySalUeq-wuQSNQCJkC/w1600-h1200-k/'),
(229, 37, 'https://lh5.googleusercontent.com/-gfXYMdoBMkU/UpRs_F99hRI/AAAAAAAAASk/LbPw0TyN1roUjpcqAkoo1c-_7yfOwRjCACJkC/w1600-h1200-k/'),
(230, 37, 'https://lh3.googleusercontent.com/-3pilQKLmRlg/WLwdtSVRlEI/AAAAAAAABx8/RHD1pEZzQ98l8c37vutpwMta-n4E6QZiwCLIB/w1600-h1200-k/'),
(231, 37, 'https://lh3.googleusercontent.com/-jEAZsgoDwvU/V2gNbC_6YKI/AAAAAAAATZo/6jMFwW5STh8lcDxRnGmd7FZifiJrOMUJwCJkC/w1600-h1200-k/'),
(232, 37, 'https://lh5.googleusercontent.com/-mFiq_lrxdI8/V00-APuMKSI/AAAAAAAAkpI/aIKHMAW7J5gtn-KNcuIfan-b7Zs9Qq-jACJkC/w1600-h1200-k/'),
(233, 37, 'https://lh4.googleusercontent.com/-l0eCfnUE3Lk/VwEQmcdtJTI/AAAAAAAAAAY/4ysGg-ZUkPotpQrRCnALd8Twih2x5omyQCJkC/w1600-h1200-k/'),
(234, 38, 'https://lh6.googleusercontent.com/-km_CMJSm5zk/WKSwr0SnYoI/AAAAAAAAAFE/zdi_tXvp38UpQQ3mR4zH3S_nUeq07tdZQCLIB/w1600-h1200-k/'),
(235, 38, 'https://lh3.googleusercontent.com/-orVITEZcetA/V1gVk6ECMUI/AAAAAAAAAbI/EJCmL6ZVC3US9sSz6OkE1CWrDOdFQlVogCLIB/w1600-h1200-k/'),
(236, 38, 'https://lh4.googleusercontent.com/-wZZWMGBS4NQ/WHp31KhJJKI/AAAAAAAAW0c/0E35nsuJ-UMmjKHVkzhM-PFO2VeQC9jiQCLIB/w1600-h1200-k/'),
(237, 38, 'https://lh3.googleusercontent.com/-kxGDnuW3yp0/WGaaTajiO8I/AAAAAAAASs8/tSlUqh9ZzyMawlrtK_AlB_l7HtH_Av1rACLIB/w1600-h1200-k/'),
(238, 38, 'https://lh6.googleusercontent.com/-NIS2BaQPBNk/Vk9j5ZokvEI/AAAAAAAAByo/ad1HHq0_Z-E6ig8r7lbPkHspp4375aVjQCJkC/w1600-h1200-k/'),
(239, 38, 'https://lh5.googleusercontent.com/-wBgr7max3V8/V-wCFkB2alI/AAAAAAAABGs/IAr6uTSydJMaFRcWUVi9Q7zPpRHmvl0ewCJkC/w1600-h1200-k/'),
(240, 38, 'https://lh4.googleusercontent.com/-zFgUDM4f9So/WI3SL17DihI/AAAAAAAAT9E/quJLJDdOnbYGOaahZH3JEb1JgU1KJ4IEgCLIB/w1600-h1200-k/'),
(241, 38, 'https://lh4.googleusercontent.com/-eBU2z9rp1AE/V3cnf7fLMWI/AAAAAAAAtHU/X1sEyOdyVcMyGlAXhiojepOl1R6UWhKxACJkC/w1600-h1200-k/'),
(242, 38, 'https://lh3.googleusercontent.com/-fYRd3LEFxC4/VomV7u8NxfI/AAAAAAAATA0/8iARCepFlg0CIkXnpSpNxG0Ww6RDsLQCwCJkC/w1600-h1200-k/'),
(243, 38, 'https://lh4.googleusercontent.com/-RsUXtXhFHsw/V-wB2POi_vI/AAAAAAAABFs/0LJufsdumIoOZ6_1vtagqWADSyLulf9fgCJkC/w1600-h1200-k/'),
(244, 39, 'https://lh3.googleusercontent.com/-su6YdWuFp0M/WHOaa0BfUnI/AAAAAAAAADU/9DKGSX7QVpA87Wx1XrTMIzbRrBy8eDaqgCLIB/w1600-h1200-k/'),
(245, 39, 'https://lh6.googleusercontent.com/-uMwHvgFeuaA/V_lzMOy4xqI/AAAAAAABWQs/Ahcd1PkgDy8YqP_anNju4h-iz_yczPLsgCLIB/w1600-h1200-k/'),
(246, 39, 'https://lh6.googleusercontent.com/-kQmOOZtjqTo/V_l0Qbt2CaI/AAAAAAABS0Y/RX471fn0DhcUFfYkrAQ6ncyjpM1w-EO4gCLIB/w1600-h1200-k/'),
(247, 39, 'https://lh4.googleusercontent.com/-a_kctUFYD2c/V_l1iKbuSXI/AAAAAAABbbk/L2gBadJaUCohcRsBPy_GXrKSEcXR9GJngCLIB/w1600-h1200-k/'),
(248, 39, 'https://lh4.googleusercontent.com/-Ay_DWMilAlI/WOAK8PlWP8I/AAAAAAAAAE4/ESHk-f02w1wiwl5GcnqRJfa0JrNH05yDQCLIB/w1600-h1200-k/'),
(249, 39, 'https://lh6.googleusercontent.com/-yONxhxb0mE4/V_lzThqxJXI/AAAAAAABchM/ycq7S3U-1X4YkwQVXyvHLXeHEcJrP-orACLIB/w1600-h1200-k/'),
(250, 39, 'https://lh4.googleusercontent.com/-RUqZ4TNoxIw/WHObnRxWoRI/AAAAAAAAADg/GXChcL26GY06iCZ5XjNF8E1kB-UfWSNOwCLIB/w1600-h1200-k/'),
(251, 39, 'https://lh6.googleusercontent.com/-Pgx8x87t7DI/V_lz54MQZBI/AAAAAAABaHY/iDckv_kEYrQSWBERrfPwkDIDaojx6bzsACLIB/w1600-h1200-k/'),
(252, 39, 'https://lh4.googleusercontent.com/-W5TS_hKWWIo/V-bs1LBVaVI/AAAAAAABM4o/4p2IMoj7s9cwylBM8tn_uCNDdxIjU2CogCJkC/w1600-h1200-k/'),
(253, 39, 'https://lh3.googleusercontent.com/-d8xEsluNRTk/WHObiegPGuI/AAAAAAAAADg/VsMd0PUgdkc4bV_wl-H9r-3hcaApFRbhgCLIB/w1600-h1200-k/'),
(254, 40, 'https://lh3.googleusercontent.com/-AAwQ3KzuN8o/V_40F21WOMI/AAAAAAAAAHQ/_bsx830f8ZIVTHjEAQCCeZEzzeI5F-eBgCJkC/w1600-h1200-k/'),
(255, 40, 'https://lh3.googleusercontent.com/-CRgzI377M6Q/WHKKGa5S0aI/AAAAAAAAZGk/gyhZH032oSIKSGA5-9xnVvN_-_zzkjoGwCLIB/w1600-h1200-k/'),
(256, 40, 'https://lh5.googleusercontent.com/-A7ZFKWVV2ZU/WEx2fiA0BRI/AAAAAAAAzUA/E0qeBue4SU4mRWhyM_qMvvFQbrdQJtgmwCLIB/w1600-h1200-k/'),
(257, 40, 'https://lh6.googleusercontent.com/-2WXsHSyXZQ8/WEx2fiYNY4I/AAAAAAAAzUA/u9Rlfb1BrNg5Wef2e5jTLiQJCGvyoK06gCLIB/w1600-h1200-k/'),
(258, 40, 'https://lh5.googleusercontent.com/-vYLy4fSN4Cg/VyCtx37capI/AAAAAAABzq4/HhmgwqKRzJgAC4jdkmRfTPBIG-p4XN6YwCJkC/w1600-h1200-k/'),
(259, 40, 'https://lh3.googleusercontent.com/--JPvnhl-mjk/WPCuj97gKUI/AAAAAAADTx4/R4lEOat_8akpd37rICY3aKrH0fLXCFIqACLIB/w1600-h1200-k/'),
(260, 40, 'https://lh5.googleusercontent.com/-x78PrlaD8y0/V6ZFmFkhY2I/AAAAAAAA-2w/pW2ulGclTbovXG6z1ZDpjqXGR7ury1xGwCJkC/w1600-h1200-k/'),
(261, 40, 'https://lh6.googleusercontent.com/-nZMKyAeXraQ/WOvBHTE6mkI/AAAAAAAAVFQ/JUIDPNnW5FkpuMDwULJPSLy79oouIAxkgCLIB/w1600-h1200-k/'),
(262, 40, 'https://lh4.googleusercontent.com/-LfYcPaf0Gi0/WLGOG61s10I/AAAAAAAAI2c/2ybX0iMWTvYuuWfJrBwJxyZyKQiTWAagwCLIB/w1600-h1200-k/'),
(263, 40, 'https://lh5.googleusercontent.com/-o2rLJhxaIrs/WL3y9SazlRI/AAAAAAAAe6U/3lmkUt_GhFkcP1lycp4RqGy5A1NkVSH4QCLIB/w1600-h1200-k/'),
(264, 41, 'https://lh5.googleusercontent.com/-4C8Gw1XfSkY/V0xaiJXcriI/AAAAAAAARi4/UEsxED-wPEsZbEayA7qKWFkiFOsvMq29wCJkC/w1600-h1200-k/'),
(265, 41, 'https://lh3.googleusercontent.com/-mBiRwHu7pUA/VNmEFpF8hMI/AAAAAAAAABA/iRkfpUIsjj0rzsQkWoGCqXYoFBXOmQfwQCJkC/w1600-h1200-k/'),
(266, 41, 'https://lh5.googleusercontent.com/-GUFfpb2ii0A/WGKjntADvGI/AAAAAAAAKLc/wqDVJCvGCGQhCFJcHd3IEGdgFJQDInu1QCLIB/w1600-h1200-k/'),
(267, 41, 'https://lh5.googleusercontent.com/-7SzRxcDUCXA/VZ6rlnk67SI/AAAAAAAAAEk/BsF6FoMS4gAFGNN32MKUbS_f-6ZyMsvdQCJkC/w1600-h1200-k/'),
(268, 41, 'https://lh6.googleusercontent.com/-dJ8ucARCP2w/VZ6rlArIw-I/AAAAAAAAAEg/u4I33VOdFmQSArI4S9Mgpw9bQbv1bDlsQCJkC/w1600-h1200-k/'),
(269, 41, 'https://lh4.googleusercontent.com/-31kYF1ae9BQ/WKaD4RhkxtI/AAAAAAABNLM/RjfimTfMxfMD6HND0TThKzowUaqBR5NcQCLIB/w1600-h1200-k/'),
(270, 41, 'https://lh6.googleusercontent.com/-EejX_kEUfn4/VZ6ry2232BI/AAAAAAAAAE8/aDF-sQEbmJsHTHfMzF-H4dcKHy0v-ybAwCJkC/w1600-h1200-k/'),
(271, 41, 'https://lh5.googleusercontent.com/-iPI__4Xi20Y/VZ6rj3cA-OI/AAAAAAAAAEM/5WHjrx8BIrIHZTGmLKrrnVi_zoPs79kXgCJkC/w1600-h1200-k/'),
(272, 41, 'https://lh4.googleusercontent.com/-wU3iMIMwKMc/VZ6rj5BBL7I/AAAAAAAAAEQ/2hcmFjL2_WkAC1WK3dbQ6ivbIdUB_KJBgCJkC/w1600-h1200-k/'),
(273, 41, 'https://lh5.googleusercontent.com/-YCqajtKVZd8/VZ6qoil7eII/AAAAAAAAADY/BdflqAVg79wA0wAuGenKChwfyFJwvhAIACJkC/w1600-h1200-k/'),
(274, 42, 'https://lh3.googleusercontent.com/-lf86MDUKFZU/V171lMznpDI/AAAAAAAAAB8/4vGNh9nol60HB0xCt6bTekvulNQHPSadQCJkC/w1600-h1200-k/'),
(275, 42, 'https://lh3.googleusercontent.com/-7qenp5VBtP0/V172Dq8xq3I/AAAAAAAAACg/0GH9TxL7NZIfamLutSk2mnZ3JSTrWJQJQCJkC/w1600-h1200-k/'),
(276, 42, 'https://lh4.googleusercontent.com/-CbgqXAdFfGo/V1736W2tbmI/AAAAAAAAAGc/EH-Zz5QHmcsTaqZUdAZ83h_Jus5ViWIdwCJkC/w1600-h1200-k/'),
(277, 42, 'https://lh4.googleusercontent.com/-PWNBprxdo34/V173Lugx_ZI/AAAAAAAAAGY/YZYYBl67YYYRMPAlsZuKgGWmVmiZcRijgCJkC/w1600-h1200-k/'),
(278, 42, 'https://lh6.googleusercontent.com/-kPS3NFDGcRM/V17395KWgFI/AAAAAAAAAGc/D56hLSo2vsELOQBPE0aY2FCPWLmlDs5MgCJkC/w1600-h1200-k/'),
(279, 42, 'https://lh3.googleusercontent.com/-kA_KJxeZkG8/V17232YqUsI/AAAAAAAAADc/ZjnLH63niMMJwPsR-MJ2F1ocR178tGezACJkC/w1600-h1200-k/'),
(280, 42, 'https://lh3.googleusercontent.com/-kMjI7Ap6oLc/V1736XQ0y_I/AAAAAAAAAGc/obej53TQvjs4A15yGih7qq-1x27cPp_oACJkC/w1600-h1200-k/'),
(281, 42, 'https://lh6.googleusercontent.com/-B2yBzi0iMbg/V1737jP9kgI/AAAAAAAAAGc/egr1oNhx1YYM9n0TkXpBZ1TR_0dbf-8OACJkC/w1600-h1200-k/'),
(282, 42, 'https://lh3.googleusercontent.com/-v6qxJpu128w/V1736St9D8I/AAAAAAAAAGc/Jb6wjynTXuwJHE69qbOrCvVpMbexH7giACJkC/w1600-h1200-k/'),
(283, 42, 'https://lh4.googleusercontent.com/-XJSsDJ3eDuM/V1738Ct1saI/AAAAAAAAAGc/E1fn6VefKNMjRH4xKjn1WkRoGR0wE-mvgCJkC/w1600-h1200-k/'),
(284, 43, 'https://lh3.googleusercontent.com/-KwyTJFTDv0w/Vzx6dY45wJI/AAAAAAAAAB8/kvjYXTANrpUjg2vkZ3VJOR81pmi-pVbtwCJkC/w1600-h1200-k/'),
(285, 43, 'https://lh4.googleusercontent.com/-srIe5uPR-wk/VM0mKblyuPI/AAAAAAAAAAc/RcMbGOPcko0CH---JdCLu65NFx7P5q-aQCJkC/w1600-h1200-k/'),
(286, 43, 'https://lh6.googleusercontent.com/-8J41AMx2_5E/WPYkcNPjBEI/AAAAAAAAac0/DKC0HBOdmIAnQsvGF-VySRMpGJ8HiM40QCLIB/w1600-h1200-k/'),
(287, 43, 'https://lh4.googleusercontent.com/-muoCFXnrLb8/V6xNeODI9SI/AAAAAAAAAR0/42mgCllGH_Eesy7wclFOrSP9ltmMNOMmgCJkC/w1600-h1200-k/'),
(288, 43, 'https://lh4.googleusercontent.com/-sM9aHk8BnmU/WIUgXCt32AI/AAAAAAABRU4/0KcQwiuwQG8y7lLPnQxZARFG7kD_zE1mwCLIB/w1600-h1200-k/'),
(289, 43, 'https://lh4.googleusercontent.com/-FV44-ooj_a4/WPYkcI0lbaI/AAAAAAAAac0/1xY_kezaIOYSY4cZjotLCkhwjdOV-vXsQCLIB/w1600-h1200-k/'),
(290, 43, 'https://lh5.googleusercontent.com/-RfhCw75VsCE/VxNmkBWMvSI/AAAAAAAAABQ/Bu3a8jSGl34DZPrlPm23mGKfQmKlgIM0gCJkC/w1600-h1200-k/'),
(291, 43, 'https://lh3.googleusercontent.com/-0LmxatlX5cU/VM0mK095bTI/AAAAAAAAAAo/ipli6Y_BvksJ_nU2QBEtFqm7KBcblBL2wCJkC/w1600-h1200-k/'),
(292, 43, 'https://lh5.googleusercontent.com/-Hpxjq4BIhio/WPYkcBPw7sI/AAAAAAAAac0/D0eGbicEjxwgud1FP9IzdhZhSyGG1DiSACLIB/w1600-h1200-k/'),
(293, 43, 'https://lh6.googleusercontent.com/-g6YoBBQEgg8/WPYkcB_tRQI/AAAAAAAAac0/dKb2DC67tjQE2Z6DofaSaVlS_EuXZVShQCLIB/w1600-h1200-k/'),
(294, 44, 'https://lh5.googleusercontent.com/-MdwiNJkRvvg/WJpDnyCq3uI/AAAAAAAAGJY/cx00R-1TRs4NBXrNZcDadgsHt_wB4vMmACLIB/w1600-h1200-k/'),
(295, 44, 'https://lh4.googleusercontent.com/-eYb7bcAPKeM/V8rNo-F-KWI/AAAAAAAAYAk/6sZmN9KIRxQuQZYTHf9Wl002GkT_Dzf0wCJkC/w1600-h1200-k/'),
(296, 44, 'https://lh5.googleusercontent.com/-osrF4GR4SDY/WGDU-QWh0pI/AAAAAAAATEc/vRoz3sKSbU0keDHWdAK_0NaE5C0jISvtgCLIB/w1600-h1200-k/'),
(297, 44, 'https://lh6.googleusercontent.com/-icxkjwfS5DI/WAtjYZLX_qI/AAAAAAAAACk/Bzkcb06ApEg5nXJMYrSz0aEMLvxEE5nrQCLIB/w1600-h1200-k/'),
(298, 44, 'https://lh6.googleusercontent.com/-shybpjkJWvA/WGZOqjVYHnI/AAAAAAAAABc/V4qd5mO1X8Aaj0_jqYGxCx3qVO8TmbfqwCLIB/w1600-h1200-k/'),
(299, 44, 'https://lh6.googleusercontent.com/-7PIGLzsGhfo/WITGSAon2iI/AAAAAAAAHK0/dPVMd1Fnj0MC2WrQAaQ9N4j_NoaCkMEpwCLIB/w1600-h1200-k/'),
(300, 44, 'https://lh4.googleusercontent.com/-NkF52PGM27U/WQ4xQlCoX3I/AAAAAAAAO6Y/5UPg34oCpHgO8hn_xwAzn4du-cq51n3-gCLIB/w1600-h1200-k/'),
(301, 44, 'https://lh4.googleusercontent.com/-izl72KZAMnE/WAtjatrebVI/AAAAAAAAACw/UaZ4zBC38lkx7o7PGPNKdqiwjWUaSMK3QCLIB/w1600-h1200-k/'),
(302, 44, 'https://lh3.googleusercontent.com/-6uhX8s7btUs/VwloDECCd8I/AAAAAAAAvMg/prh4qheXOPYtpL4_Gb3htnOgf0oclhJTACJkC/w1600-h1200-k/'),
(303, 44, 'https://lh6.googleusercontent.com/-ZUQVOZIBgRM/WQ4xQt58o_I/AAAAAAAAO6c/xtnD2LEfeIUVz-dMMaxtaMgDzNpILMNtACLIB/w1600-h1200-k/'),
(304, 45, 'https://lh6.googleusercontent.com/-3j5FMil8TYo/V_YzQXR4uII/AAAAAAAAScg/e6lCDP0mufAhampkkhYbKE1PD_1mgLdEACJkC/w1600-h1200-k/'),
(305, 45, 'https://lh4.googleusercontent.com/-MvUbXxerRnk/Tk5HSqeGObI/AAAAAAAAOeA/-AETx0lx-_UQ8ObbEI7ehoCJLIEOXOe5gCLIB/w1600-h1200-k/'),
(306, 45, 'https://lh3.googleusercontent.com/--xPZvkM4jAE/WLtpYD6xB0I/AAAAAAAAAYA/4AYIhna7sCMWVoSOHwZjOa384rhL_4axwCLIB/w1600-h1200-k/'),
(307, 45, 'https://lh3.googleusercontent.com/-QrHkD22w3wI/WQy2p5RngOI/AAAAAAAAF-k/VUSS9BZiLWATIrJXEPGKP0_znUyERBbSACLIB/w1600-h1200-k/'),
(308, 45, 'https://lh6.googleusercontent.com/-LzOuAWr4YfI/WJCxdn_yBqI/AAAAAAAAMDU/SUpiOob_dIA_V85T5tgFPUQsyd6hynZ6QCLIB/w1600-h1200-k/'),
(309, 45, 'https://lh3.googleusercontent.com/--z3hHeebFjM/WHFZdSawGkI/AAAAAAABI0w/0O33QV2qTp4DMzNqQ23RtW9e15YCwE1jACLIB/w1600-h1200-k/'),
(310, 45, 'https://lh4.googleusercontent.com/-LSgWNhK-OrI/WF8Kl4CZBtI/AAAAAAAAU7s/KiOe-1yPKxcCMjuhniBhuz6cFUcnemxrwCLIB/w1600-h1200-k/'),
(311, 45, 'https://lh6.googleusercontent.com/-Cb9AFe7E84w/WMGlYCx67qI/AAAAAAAALHk/IVMmRWUZFMI9U6cVVv0nRZxVNhwXli6IQCLIB/w1600-h1200-k/'),
(312, 45, 'https://lh6.googleusercontent.com/-A4K_wFbyZM4/WHFZdYWeqWI/AAAAAAABI0w/I5jnkpccT6cYJX2czneqrzd1_ws2Y9uCACLIB/w1600-h1200-k/'),
(313, 45, 'https://lh3.googleusercontent.com/-6WRFpH35R-c/WCtZWa99y1I/AAAAAAAAHXk/QrqoE2EYOKcNZouxY9LV53ioZ7-_AS0DACLIB/w1600-h1200-k/'),
(314, 47, 'https://lh3.googleusercontent.com/p/AF1QipN-sM8YWh0Bt2s-D0unQruglU0Zm5OuV5i7DFsX=w2400-h900-k'),
(315, 47, 'https://lh3.googleusercontent.com/p/AF1QipP8LHnKK-p0jA5qQzkhcYPCrnhX4vlLcnVCC5C0=w2400-h900-k'),
(316, 47, 'https://lh3.googleusercontent.com/p/AF1QipPvMuX6N_SoUeq7ZBzvVeAgG7q9BPziAmcWMI7C=w2400-h900-k'),
(317, 47, 'https://lh3.googleusercontent.com/p/AF1QipOvHm7TPoGUHDgZ940mjBcds1lpBUfbg-mhM_RL=w2400-h900-k'),
(318, 47, 'https://lh3.googleusercontent.com/p/AF1QipMTKrxePi0QPxW5BjyWp_384aWbo3Oz1IolwZO3=w2400-h900-k'),
(319, 47, 'https://lh3.googleusercontent.com/p/AF1QipOBOOpbxHG_-3QTrE-d-FeRDVH7DKEyJkxDPFMa=w2400-h900-k'),
(320, 47, 'https://lh3.googleusercontent.com/p/AF1QipO6ulUAOyPKaMWKoLycZjzQfxsBN1gBxsGS91ME=w2400-h900-k'),
(321, 47, 'https://lh3.googleusercontent.com/p/AF1QipNtAGadKytrVODY-Jk0G3IJ313CvtG_qNVhTimY=w2400-h900-k'),
(322, 47, 'https://lh3.googleusercontent.com/p/AF1QipMBDa_MPMdsUHqtctiruQ13aUiISmh9ZuYn9Lsu=w2400-h900-k'),
(323, 47, 'https://lh3.googleusercontent.com/p/AF1QipPAFdz12mERAlfqRs1rEIhsufBHeuhK2O3MrlS8=w2400-h900-k'),
(324, 48, 'https://lh3.googleusercontent.com/p/AF1QipPBe9lJ_iSwa39qvlVZmMDt_6W9kfYnSdZWVYzr=w2400-h900-k'),
(325, 48, 'https://lh3.googleusercontent.com/p/AF1QipMa4IrtTaTdKMsgKfXhkHbo9SAALRXBMOWtQ3y0=w2400-h900-k'),
(326, 48, 'https://lh3.googleusercontent.com/p/AF1QipO4hYDuediqXFxcel2yXQ8ecWIgHLswaPGHFT0p=w2400-h900-k'),
(327, 48, 'https://lh3.googleusercontent.com/p/AF1QipPGhX9cgEJ44pt6NgElev25FB7Sfg7_AUmWy2Hd=w2400-h900-k'),
(328, 48, 'https://lh3.googleusercontent.com/p/AF1QipOK_s6uMpCjQekTYhyi3lvOSLpD3EYcc7vraQ0d=w2400-h900-k'),
(329, 48, 'https://lh3.googleusercontent.com/p/AF1QipM-sF8w2iujBmN5cZaKfJYvxQCstHgYcPS9cf_A=w2400-h900-k'),
(330, 48, 'https://lh3.googleusercontent.com/p/AF1QipO0rPz3p6KI_-Ykd4Fv0FnklDlo-1p8LUJpbNep=w2400-h900-k'),
(331, 48, 'https://lh3.googleusercontent.com/p/AF1QipOp4J5dhRUOV1JyrtVLWYBhvZzeCjB9HiYc9sWE=w2400-h900-k'),
(332, 48, 'https://lh3.googleusercontent.com/p/AF1QipP8WuCKs4VC8wwaOK8_53NefxZ2bcQYUtqdwNOl=w2400-h900-k'),
(333, 48, 'https://lh3.googleusercontent.com/p/AF1QipN7QXEqukaJ2-_w8FjZRYNSRvirblBMeG54k3vD=w2400-h900-k'),
(334, 51, 'https://lh3.googleusercontent.com/p/AF1QipPjHddRyCdYSFcb-cYK7XQ-30K8w2Wkl2zvQ91V=w2400-h900-k'),
(335, 51, 'https://lh3.googleusercontent.com/p/AF1QipOjNseF-gYQDBFKWNnOzzOy-xGKWl8xFhjeOHdN=w2400-h900-k'),
(336, 51, 'https://lh3.googleusercontent.com/p/AF1QipOXVDyAPmbWClwZX3VZ-DUiYQyXiuFJdYeb-06V=w2400-h900-k'),
(337, 51, 'https://lh3.googleusercontent.com/p/AF1QipO7QYez_3h-PZT9swH30eRV7c0SrLe4pC7qxAM8=w2400-h900-k'),
(338, 51, 'https://lh3.googleusercontent.com/p/AF1QipMNBo4JrTIreP_xHqzo3nBp8K2Xvsz_k0A6Z43x=w2400-h900-k'),
(339, 51, 'https://lh3.googleusercontent.com/p/AF1QipNWmbIPf4zXYM3Ppz3h9DRIFZsrP4kLprbQ0LID=w2400-h900-k'),
(340, 51, 'https://lh3.googleusercontent.com/p/AF1QipMJpr5VOk4QqKzHgPXhEeQkzSBui8cq2ysUq2wF=w2400-h900-k'),
(341, 51, 'https://lh3.googleusercontent.com/p/AF1QipMwef-UCaeyqqirmWfv5sk8AmnPEo5uaZ1JP0tW=w2400-h900-k'),
(342, 51, 'https://lh3.googleusercontent.com/p/AF1QipPLKqscCOGPUfYMFNk3EIgvuw9Kk1zI99z6WNAh=w2400-h900-k'),
(343, 51, 'https://lh3.googleusercontent.com/p/AF1QipPMyKBYL02QrpNHnNPX1n4r5cMpU6Pm4n2AAqqF=w2400-h900-k'),
(344, 53, 'https://lh3.googleusercontent.com/p/AF1QipPjBCADb6Y5Kfq1xoLSvY-XHKWmSpQi4F6DiKd_=w2400-h900-k'),
(345, 53, 'https://lh3.googleusercontent.com/p/AF1QipPPx3l-kBS6Lpu4zwNaSd5NFBv6T7ComyueT6x_=w2400-h900-k'),
(346, 53, 'https://lh3.googleusercontent.com/p/AF1QipNpqzujWoqnBbSmSQuecDahv5F3yB99fwrJOMN_=w2400-h900-k'),
(347, 53, 'https://lh3.googleusercontent.com/p/AF1QipOyT6PzVSDPciM4N7jaksP0dmhthiGDcu5mvB8g=w2400-h900-k'),
(348, 53, 'https://lh3.googleusercontent.com/p/AF1QipNCgeyS5iw7PYkjYNpw70PES3qlXCulmBPyyG2J=w2400-h900-k'),
(349, 57, 'https://lh3.googleusercontent.com/p/AF1QipPrviE9yLTttXD7y_J-4vO8K_h7rc9pDUFD2DOq=w2400-h900-k'),
(350, 57, 'https://lh3.googleusercontent.com/p/AF1QipOxzcnqYG2ZfLAFDZwZ8EBgXB2REQXP_jZAQrhl=w2400-h900-k'),
(351, 57, 'https://lh3.googleusercontent.com/p/AF1QipNrlVtqbvrD9yT377GeQ7rzF9X-Sifh31pf3x_U=w2400-h900-k'),
(352, 57, 'https://lh3.googleusercontent.com/p/AF1QipPD7WbL4nIGPJCGSqYAQnbpLN1nVFe0gDUmfIOA=w2400-h900-k'),
(353, 57, 'https://lh3.googleusercontent.com/p/AF1QipN_fy4jSHyvysuuFJw-q1W3lZSq4d2IvGWUkZet=w2400-h900-k'),
(354, 57, 'https://lh3.googleusercontent.com/p/AF1QipPRBPbwdz8gzNrGOdeqRxUL3AUAGzIUWZ-gLA7S=w2400-h900-k'),
(355, 57, 'https://lh3.googleusercontent.com/p/AF1QipOoTMo8eDUMD75NK_F3ltza_Ca7n1mayBN2Y6O5=w2400-h900-k'),
(356, 57, 'https://lh3.googleusercontent.com/p/AF1QipPLObX6CXoAA27ryNfGiQDfz3VmLMkbutMHYxAm=w2400-h900-k'),
(357, 57, 'https://lh3.googleusercontent.com/p/AF1QipOevVtiGcd-jek-V7Gr7ADdq4tKUVlU4VSmR4a2=w2400-h900-k'),
(358, 57, 'https://lh3.googleusercontent.com/p/AF1QipOjLhU4hPGeL-pyaoCK4l5okuhdm5PyPKAS2EEB=w2400-h900-k'),
(359, 62, 'https://lh3.googleusercontent.com/p/AF1QipOnfbu5zS42wV5p_tE7kVppuNLdux_RQm7uZu0K=w2400-h900-k'),
(360, 62, 'https://lh3.googleusercontent.com/p/AF1QipM_J6-wEAjLUIkP1CPxPtdEIM5tnN4p39d1aaA1=w2400-h900-k'),
(361, 62, 'https://lh3.googleusercontent.com/p/AF1QipNorRTsrsyikrlpyuk6Yoi92nb7al12lW722BIo=w2400-h900-k'),
(362, 62, 'https://lh3.googleusercontent.com/p/AF1QipOaN6JLeWeBGbZpHDR652oWCVSzonVdOoGU7Ru9=w2400-h900-k'),
(363, 62, 'https://lh3.googleusercontent.com/p/AF1QipOLi2Zz3sQvnZU77hAgBq1rHwI_d_7tSD3lZCTA=w2400-h900-k'),
(364, 62, 'https://lh3.googleusercontent.com/p/AF1QipNUQc6ToLHkfIJlRy77QFC5XFhntVWDHlVpwgXF=w2400-h900-k'),
(365, 62, 'https://lh3.googleusercontent.com/p/AF1QipOXit766DC1YLhjGgKfLmqe61bUO0jsP8OZzSra=w2400-h900-k'),
(366, 62, 'https://lh3.googleusercontent.com/p/AF1QipNP0L3rsm6Kz4OEFpP5Eex3DABd0W4209ono0nu=w2400-h900-k'),
(367, 62, 'https://lh3.googleusercontent.com/p/AF1QipOEXlEWyms5fvyk1DX7qNDRw0QOK__0XWzCTsYI=w2400-h900-k'),
(368, 62, 'https://lh3.googleusercontent.com/p/AF1QipPB4KAN0EQ5CcT9zjy02DDbR0p0cDLsPjgz343e=w2400-h900-k'),
(369, 116, 'https://lh3.googleusercontent.com/p/AF1QipPQhe-GrVzJc5Bur_33Kxop7UWuDsgUZSnVVkFy=w2400-h900-k'),
(370, 116, 'https://lh3.googleusercontent.com/p/AF1QipOeyr8U59qof8i3ZzKEdjYUW7z2C_qaeoCTBQpl=w2400-h900-k'),
(371, 116, 'https://lh3.googleusercontent.com/p/AF1QipMEPBaYoBAdaYHRmbyH30UxQnYtxPrEwbuLgN0_=w2400-h900-k'),
(372, 116, 'https://lh3.googleusercontent.com/p/AF1QipNvJIwresg6UCxlJ6ejlNtdxxUwAYSIJvzdu7LU=w2400-h900-k'),
(373, 116, 'https://lh3.googleusercontent.com/p/AF1QipM_sFF3g62yUqXHX9oxJ8UklOqjAjh0BiZXK5NM=w2400-h900-k'),
(374, 116, 'https://lh3.googleusercontent.com/p/AF1QipPeJbMrwnG6kET4edZFqxoW1IxKQ6q2JzlwHGAF=w2400-h900-k'),
(375, 116, 'https://lh3.googleusercontent.com/p/AF1QipOdsn_ti8xHXhS_qiywcbGcy1zzwWCUFSD_Rtlf=w2400-h900-k'),
(376, 116, 'https://lh3.googleusercontent.com/p/AF1QipN6Nf2NlHy2fVdt8GjMbidxipHejTtQT_ID48Xs=w2400-h900-k'),
(377, 116, 'https://lh3.googleusercontent.com/p/AF1QipN-QDZDHnYUM5V2HTMLdaKqxEQadZF6kHzm33Zg=w2400-h900-k'),
(378, 116, 'https://lh3.googleusercontent.com/p/AF1QipNAw78zlAah9hJMleyKclx9Dt1qZQn-y7whpeBb=w2400-h900-k'),
(379, 118, 'https://lh3.googleusercontent.com/p/AF1QipPeeEIMhDXRrooIYH-fgdnWznam-n6L_2V5lEAX=w2400-h900-k'),
(380, 118, 'https://lh3.googleusercontent.com/p/AF1QipOOPmSwdkV4NPoqgsWR_a_v92UG6dBYLq6fdqqd=w2400-h900-k'),
(381, 118, 'https://lh3.googleusercontent.com/p/AF1QipPhsmwjzgfXbuTA34XweJx6MUa1SJhZ-AnCF1rN=w2400-h900-k'),
(382, 118, 'https://lh3.googleusercontent.com/p/AF1QipPuUSoAuH36oF6rEtCYJg1RBxTlDOQRxv_LpPE=w2400-h900-k'),
(383, 118, 'https://lh3.googleusercontent.com/p/AF1QipOKwQpRMr_z-pjMKq_DXiHWGM4neNYmAiIOH1NF=w2400-h900-k'),
(384, 118, 'https://lh3.googleusercontent.com/p/AF1QipP_TOOu6y8K-5ljn2hEJpYaLjT8_NQoLoystiU=w2400-h900-k');
INSERT IGNORE INTO `ss_spot_photos` (`spot_photos_id`, `spot_id`, `url`) VALUES
(385, 118, 'https://lh3.googleusercontent.com/p/AF1QipPg_b5yG9yVPxaHKtTXu8EJEn7qipCX3_PIcW-V=w2400-h900-k'),
(386, 118, 'https://lh3.googleusercontent.com/p/AF1QipOwQoJtnqhqtN0rLgpbyfStiysEVsxILG3DIJYz=w2400-h900-k'),
(387, 118, 'https://lh3.googleusercontent.com/p/AF1QipNPiKlrVrE93IWYFNLmW3yh0SIX7msSP-FB2Jn2=w2400-h900-k'),
(388, 118, 'https://lh3.googleusercontent.com/p/AF1QipOTm5r4EwbU-HcFql51T_upf5MIuiBXPXFLi_t3=w2400-h900-k'),
(389, 119, 'https://lh3.googleusercontent.com/p/AF1QipMZBDs05uY8E0M9Tu15Dq2B5xcgq3RQ0D9ug5Bg=w2400-h900-k'),
(390, 119, 'https://lh3.googleusercontent.com/p/AF1QipNuO8VWHt0LgJQq7SifgdbZBd9cRlZdWWsJdk2d=w2400-h900-k'),
(391, 119, 'https://lh3.googleusercontent.com/p/AF1QipOdwFlTaXLjTz2_ZGgqdoCS9TbwgFxjA34XT1x0=w2400-h900-k'),
(392, 119, 'https://lh3.googleusercontent.com/p/AF1QipMqVCnM_ehjRDed8uiwJl8XEDvsWNNnvlpq5zb_=w2400-h900-k'),
(393, 119, 'https://lh3.googleusercontent.com/p/AF1QipOfg5lP4GAE5wnX2DVUEKtnuveN8S64lsY_CXB2=w2400-h900-k'),
(394, 119, 'https://lh3.googleusercontent.com/p/AF1QipNu7BnvyqexGNVYf77AuBFy0w1ap0Y1GzAPPTG-=w2400-h900-k'),
(395, 119, 'https://lh3.googleusercontent.com/p/AF1QipORHDd9pzZd_FzzYn54v6_ASior-9Ox_GygyI6m=w2400-h900-k'),
(396, 119, 'https://lh3.googleusercontent.com/p/AF1QipMqOP8SQ56R2-UOm01kgSsYjIbgyMKx_ho7uSmV=w2400-h900-k'),
(397, 119, 'https://lh3.googleusercontent.com/p/AF1QipNxAn7Jlsk7eTOXyi9BmrUowWEKRyhOvCStZIDE=w2400-h900-k'),
(398, 119, 'https://lh3.googleusercontent.com/p/AF1QipOMmUR8vXdhXbTwoNzRxon7lGbZeK-NgTJMzk4N=w2400-h900-k'),
(399, 120, 'https://lh3.googleusercontent.com/p/AF1QipOy87NEfmws1m_NGOb8kT_1-hf8C4CLAQlqAmN0=w2400-h900-k'),
(400, 120, 'https://lh3.googleusercontent.com/p/AF1QipP1y8k_6p7uNZ5btNLB4GoZww5EDuCprfEZ8tSV=w2400-h900-k'),
(401, 120, 'https://lh3.googleusercontent.com/p/AF1QipNkZrpLsoZeOWV7Lby5ekvcpkSvVPagauKMv3ju=w2400-h900-k'),
(402, 120, 'https://lh3.googleusercontent.com/p/AF1QipPGBlOVeaawfp0XdERGDnO5X16HACxvujZK9Krt=w2400-h900-k'),
(403, 120, 'https://lh3.googleusercontent.com/p/AF1QipO5OSCMzBjfS5imiF-ZGqZkS2U1plqItb87v-qp=w2400-h900-k'),
(404, 120, 'https://lh3.googleusercontent.com/p/AF1QipPdETtxubpPzxT2tyGtGDgQQ6oRgaxm0S1XcHH6=w2400-h900-k'),
(405, 120, 'https://lh3.googleusercontent.com/p/AF1QipOK1Hgy0ftYzsnSSuAmtrj28-eXMM43KQWFpsyt=w2400-h900-k'),
(406, 120, 'https://lh3.googleusercontent.com/p/AF1QipOaDT5lpv8lEr07UXDHPEflF2cQZOrh0enewMlK=w2400-h900-k'),
(407, 120, 'https://lh3.googleusercontent.com/p/AF1QipPDucEz6uAlavpDD1pmfrbvfpmytoesNG7s91L8=w2400-h900-k'),
(408, 120, 'https://lh3.googleusercontent.com/p/AF1QipP0IOOahhi-AQtSRe2I1X2tBVz0CJz63W6WuknZ=w2400-h900-k');

-- --------------------------------------------------------

--
-- Structure de la table `ss_tags`
--

CREATE TABLE IF NOT EXISTS `ss_tags` (
  `tagging_id` int(11) NOT NULL AUTO_INCREMENT,
  `tag_id` int(11) NOT NULL,
  `SPOT_ID` int(11) NOT NULL,
  `user_ID` int(11) NOT NULL,
  PRIMARY KEY (`tagging_id`),
  KEY `spots` (`SPOT_ID`),
  KEY `tag_id` (`tag_id`),
  KEY `tag_name` (`tag_id`),
  KEY `user_ID` (`user_ID`)
) ENGINE=InnoDB AUTO_INCREMENT=1914 DEFAULT CHARSET=utf8;

--
-- Déchargement des données de la table `ss_tags`
--

INSERT IGNORE INTO `ss_tags` (`tagging_id`, `tag_id`, `SPOT_ID`, `user_ID`) VALUES
(1, 1, 26, 42),
(2, 9, 26, 43),
(3, 10, 26, 43),
(4, 4, 26, 43),
(5, 16, 27, 44),
(6, 17, 27, 44),
(7, 21, 27, 44),
(8, 27, 27, 44),
(9, 42, 27, 44),
(10, 33, 27, 44),
(11, 15, 28, 44),
(12, 16, 28, 44),
(13, 17, 28, 44),
(14, 33, 28, 44),
(15, 21, 28, 44),
(16, 16, 30, 44),
(17, 17, 30, 44),
(18, 22, 30, 44),
(19, 42, 30, 44),
(20, 27, 30, 44),
(21, 16, 31, 44),
(22, 17, 31, 44),
(23, 42, 31, 44),
(24, 27, 31, 44),
(25, 22, 31, 44),
(26, 33, 31, 44),
(27, 16, 32, 44),
(28, 17, 32, 44),
(29, 22, 32, 44),
(30, 27, 32, 44),
(31, 33, 32, 44),
(32, 42, 32, 44),
(33, 16, 33, 44),
(34, 17, 33, 44),
(35, 21, 33, 44),
(36, 51, 33, 44),
(37, 16, 27, 45),
(38, 17, 27, 45),
(39, 27, 27, 45),
(40, 33, 27, 45),
(41, 42, 27, 45),
(42, 18, 27, 45),
(43, 16, 30, 45),
(44, 17, 30, 45),
(45, 27, 30, 45),
(46, 42, 30, 45),
(47, 18, 30, 45),
(48, 16, 34, 45),
(50, 18, 34, 45),
(51, 21, 34, 45),
(52, 27, 34, 45),
(53, 31, 34, 45),
(54, 16, 35, 45),
(55, 17, 35, 45),
(56, 18, 35, 45),
(57, 26, 35, 45),
(58, 23, 35, 45),
(59, 33, 35, 45),
(60, 16, 36, 45),
(61, 17, 36, 45),
(62, 18, 36, 45),
(63, 26, 36, 45),
(64, 23, 36, 45),
(65, 33, 36, 45),
(66, 16, 37, 45),
(67, 17, 37, 45),
(68, 19, 37, 45),
(69, 24, 37, 45),
(70, 21, 37, 45),
(71, 31, 37, 45),
(72, 33, 37, 45),
(73, 27, 37, 45),
(74, 54, 37, 45),
(75, 16, 38, 45),
(76, 17, 38, 45),
(77, 19, 38, 45),
(78, 21, 38, 45),
(79, 24, 38, 45),
(80, 31, 38, 45),
(81, 33, 38, 45),
(82, 17, 31, 45),
(83, 16, 31, 45),
(84, 27, 31, 45),
(85, 33, 31, 45),
(86, 42, 31, 45),
(87, 22, 31, 45),
(88, 16, 28, 45),
(89, 17, 28, 45),
(90, 21, 28, 45),
(91, 33, 28, 45),
(92, 16, 33, 45),
(93, 17, 33, 45),
(95, 21, 33, 45),
(96, 51, 33, 45),
(97, 6, 39, 45),
(98, 12, 39, 45),
(99, 13, 39, 45),
(100, 10, 39, 45),
(101, 16, 40, 45),
(102, 17, 40, 45),
(103, 20, 40, 45),
(104, 22, 40, 45),
(105, 26, 40, 45),
(106, 27, 40, 45),
(107, 54, 40, 45),
(108, 42, 40, 45),
(109, 31, 40, 45),
(110, 16, 41, 45),
(111, 17, 41, 45),
(112, 22, 41, 45),
(113, 50, 41, 45),
(115, 16, 42, 45),
(116, 17, 42, 45),
(117, 20, 42, 45),
(118, 22, 42, 45),
(119, 26, 42, 45),
(120, 33, 42, 45),
(121, 42, 42, 45),
(122, 16, 43, 45),
(123, 17, 43, 45),
(124, 21, 43, 45),
(125, 37, 43, 45),
(126, 16, 44, 45),
(127, 17, 44, 45),
(128, 37, 44, 45),
(129, 21, 44, 45),
(130, 16, 45, 45),
(131, 17, 45, 45),
(132, 21, 45, 45),
(133, 27, 45, 45),
(134, 39, 45, 45),
(135, 16, 46, 45),
(136, 17, 46, 45),
(137, 21, 46, 45),
(138, 48, 46, 45),
(139, 16, 47, 45),
(140, 17, 47, 45),
(141, 21, 47, 45),
(142, 33, 47, 45),
(143, 16, 48, 45),
(144, 17, 48, 45),
(145, 18, 48, 45),
(146, 19, 48, 45),
(147, 35, 48, 45),
(148, 37, 48, 45),
(149, 50, 48, 45),
(150, 16, 49, 45),
(151, 17, 49, 45),
(152, 19, 49, 45),
(153, 24, 49, 45),
(154, 31, 49, 45),
(155, 33, 49, 45),
(156, 54, 49, 45),
(157, 27, 49, 45),
(158, 4, 50, 45),
(159, 10, 50, 45),
(160, 12, 50, 45),
(161, 13, 50, 45),
(162, 11, 50, 45),
(163, 5, 50, 45),
(164, 17, 36, 44),
(165, 26, 36, 44),
(166, 16, 37, 44),
(167, 17, 37, 44),
(168, 19, 37, 44),
(169, 21, 37, 44),
(170, 24, 37, 44),
(171, 27, 37, 44),
(172, 31, 37, 44),
(173, 33, 37, 44),
(174, 54, 37, 44),
(175, 16, 38, 44),
(176, 17, 38, 44),
(177, 19, 38, 44),
(178, 21, 38, 44),
(179, 24, 38, 44),
(180, 31, 38, 44),
(181, 33, 38, 44),
(182, 6, 39, 44),
(183, 10, 39, 44),
(184, 12, 39, 44),
(185, 13, 39, 44),
(186, 17, 40, 44),
(187, 20, 40, 44),
(188, 22, 40, 44),
(189, 26, 40, 44),
(190, 27, 40, 44),
(191, 31, 40, 44),
(192, 42, 40, 44),
(193, 54, 40, 44),
(194, 17, 41, 44),
(195, 22, 41, 44),
(196, 50, 41, 44),
(197, 17, 42, 44),
(198, 20, 42, 44),
(199, 22, 42, 44),
(200, 26, 42, 44),
(201, 33, 42, 44),
(202, 42, 42, 44),
(203, 16, 43, 44),
(204, 17, 43, 44),
(205, 21, 43, 44),
(206, 37, 43, 44),
(207, 16, 44, 44),
(208, 17, 44, 44),
(209, 21, 44, 44),
(210, 37, 44, 44),
(211, 16, 46, 44),
(212, 17, 46, 44),
(213, 21, 46, 44),
(214, 48, 46, 44),
(215, 16, 49, 44),
(216, 17, 49, 44),
(217, 19, 49, 44),
(218, 24, 49, 44),
(219, 27, 49, 44),
(220, 31, 49, 44),
(221, 33, 49, 44),
(222, 54, 49, 44),
(223, 16, 48, 44),
(224, 17, 48, 44),
(225, 18, 48, 44),
(226, 19, 48, 44),
(227, 35, 48, 44),
(228, 37, 48, 44),
(229, 50, 48, 44),
(230, 48, 51, 46),
(231, 16, 51, 46),
(232, 17, 51, 46),
(233, 4, 50, 44),
(234, 5, 50, 44),
(235, 10, 50, 44),
(236, 11, 50, 44),
(237, 21, 51, 46),
(238, 12, 50, 44),
(239, 13, 50, 44),
(244, 17, 54, 46),
(245, 16, 54, 46),
(246, 27, 54, 46),
(247, 33, 54, 46),
(250, 20, 54, 46),
(251, 22, 54, 46),
(252, 16, 55, 44),
(253, 17, 55, 44),
(254, 21, 55, 44),
(255, 30, 55, 44),
(256, 31, 55, 44),
(257, 54, 55, 44),
(258, 27, 55, 44),
(259, 40, 55, 44),
(260, 15, 56, 46),
(261, 16, 58, 44),
(262, 17, 58, 44),
(263, 19, 58, 44),
(264, 20, 58, 44),
(265, 22, 58, 44),
(266, 31, 58, 44),
(267, 30, 58, 44),
(268, 40, 58, 44),
(269, 16, 59, 44),
(270, 17, 59, 44),
(271, 22, 59, 44),
(272, 31, 59, 44),
(273, 30, 59, 44),
(274, 40, 59, 44),
(275, 54, 59, 44),
(277, 30, 60, 46),
(278, 17, 60, 46),
(279, 27, 60, 46),
(280, 16, 61, 44),
(281, 17, 61, 44),
(283, 21, 61, 44),
(284, 31, 61, 44),
(285, 30, 61, 44),
(286, 40, 61, 44),
(287, 54, 61, 44),
(293, 16, 64, 44),
(294, 17, 64, 44),
(295, 20, 64, 44),
(300, 33, 64, 44),
(301, 26, 64, 44),
(302, 54, 64, 44),
(304, 15, 65, 46),
(305, 16, 65, 46),
(306, 27, 65, 46),
(312, 16, 67, 44),
(313, 20, 67, 44),
(314, 31, 67, 44),
(315, 27, 67, 44),
(316, 54, 67, 44),
(317, 27, 68, 46),
(318, 16, 68, 46),
(319, 17, 68, 46),
(320, 40, 68, 46),
(322, 22, 68, 46),
(323, 26, 68, 46),
(324, 34, 69, 46),
(325, 17, 69, 46),
(326, 26, 69, 46),
(327, 22, 69, 46),
(328, 20, 69, 46),
(329, 18, 69, 46),
(330, 16, 70, 46),
(331, 17, 70, 46),
(332, 26, 70, 46),
(333, 22, 70, 46),
(335, 40, 70, 46),
(336, 27, 70, 46),
(337, 20, 70, 46),
(338, 16, 71, 46),
(339, 17, 71, 46),
(340, 20, 71, 46),
(341, 22, 71, 46),
(343, 34, 71, 46),
(344, 27, 71, 46),
(345, 26, 71, 46),
(346, 54, 71, 46),
(347, 54, 68, 46),
(348, 54, 70, 46),
(349, 17, 30, 47),
(350, 16, 30, 47),
(351, 22, 30, 47),
(352, 18, 30, 47),
(353, 21, 30, 47),
(354, 20, 30, 47),
(355, 26, 30, 47),
(356, 27, 30, 47),
(357, 17, 72, 46),
(358, 20, 72, 46),
(359, 26, 72, 46),
(360, 22, 72, 46),
(361, 33, 72, 46),
(363, 16, 73, 47),
(364, 17, 73, 47),
(365, 19, 73, 47),
(367, 21, 73, 47),
(368, 24, 73, 47),
(369, 31, 73, 47),
(370, 15, 74, 46),
(371, 14, 74, 46),
(372, 21, 74, 46),
(374, 27, 74, 46),
(375, 21, 34, 43),
(376, 26, 34, 43),
(377, 38, 34, 43),
(378, 14, 42, 43),
(379, 35, 42, 43),
(380, 46, 42, 43),
(381, 24, 42, 43),
(382, 42, 42, 43),
(383, 19, 42, 43),
(384, 30, 42, 43),
(385, 21, 75, 46),
(386, 16, 75, 46),
(387, 17, 75, 46),
(388, 19, 75, 46),
(389, 33, 75, 46),
(390, 16, 76, 46),
(391, 17, 76, 46),
(392, 22, 76, 46),
(394, 33, 76, 46),
(395, 15, 56, 44),
(396, 16, 77, 47),
(397, 17, 77, 47),
(398, 18, 77, 47),
(399, 22, 77, 47),
(400, 21, 77, 47),
(401, 23, 77, 47),
(402, 26, 77, 47),
(403, 39, 77, 47),
(404, 16, 33, 47),
(405, 17, 33, 47),
(406, 21, 33, 47),
(407, 51, 33, 47),
(408, 19, 33, 47),
(409, 24, 33, 47),
(410, 16, 43, 47),
(411, 17, 43, 47),
(412, 21, 43, 47),
(413, 37, 43, 47),
(414, 18, 43, 47),
(415, 19, 43, 47),
(416, 16, 32, 47),
(417, 17, 32, 47),
(418, 22, 32, 47),
(419, 27, 32, 47),
(420, 33, 32, 47),
(421, 20, 32, 47),
(422, 21, 32, 47),
(423, 54, 32, 47),
(424, 16, 78, 47),
(425, 17, 78, 47),
(426, 19, 78, 47),
(427, 21, 78, 47),
(428, 24, 78, 47),
(429, 39, 78, 47),
(430, 17, 79, 46),
(431, 16, 79, 46),
(432, 26, 79, 46),
(433, 22, 79, 46),
(434, 27, 79, 46),
(435, 33, 79, 46),
(436, 17, 80, 46),
(438, 34, 80, 46),
(439, 17, 80, 44),
(440, 34, 80, 44),
(441, 4, 81, 47),
(442, 5, 81, 47),
(443, 11, 81, 47),
(444, 33, 51, 46),
(445, 17, 82, 47),
(446, 20, 82, 47),
(447, 22, 82, 47),
(448, 26, 82, 47),
(449, 27, 82, 47),
(450, 42, 82, 47),
(452, 22, 83, 48),
(453, 17, 83, 48),
(454, 15, 83, 48),
(455, 17, 84, 47),
(456, 16, 84, 47),
(457, 20, 84, 47),
(458, 19, 84, 47),
(459, 24, 84, 47),
(460, 42, 84, 47),
(461, 33, 84, 47),
(462, 26, 84, 47),
(463, 18, 84, 47),
(464, 22, 84, 47),
(465, 4, 85, 46),
(466, 5, 85, 46),
(467, 12, 85, 46),
(468, 73, 85, 46),
(469, 4, 86, 47),
(470, 5, 86, 47),
(471, 10, 86, 47),
(472, 4, 87, 46),
(473, 5, 87, 46),
(474, 12, 87, 46),
(475, 73, 87, 46),
(476, 16, 88, 47),
(477, 17, 88, 47),
(478, 19, 88, 47),
(479, 21, 88, 47),
(480, 24, 88, 47),
(481, 27, 88, 47),
(482, 30, 88, 47),
(483, 31, 88, 47),
(484, 46, 88, 47),
(485, 54, 88, 47),
(486, 40, 88, 47),
(487, 16, 89, 47),
(488, 17, 89, 47),
(489, 19, 89, 47),
(490, 21, 89, 47),
(491, 24, 89, 47),
(492, 33, 89, 47),
(493, 16, 90, 47),
(494, 17, 90, 47),
(495, 18, 90, 47),
(496, 19, 90, 47),
(497, 20, 90, 47),
(498, 21, 90, 47),
(499, 22, 90, 47),
(500, 24, 90, 47),
(501, 26, 90, 47),
(502, 27, 90, 47),
(503, 40, 90, 47),
(504, 54, 90, 47),
(506, 46, 90, 47),
(507, 42, 90, 47),
(508, 16, 91, 47),
(509, 17, 91, 47),
(510, 19, 91, 47),
(511, 21, 91, 47),
(512, 42, 91, 47),
(514, 16, 92, 47),
(515, 17, 92, 47),
(516, 18, 92, 47),
(517, 19, 92, 47),
(518, 20, 92, 47),
(520, 22, 92, 47),
(521, 34, 92, 47),
(522, 27, 92, 47),
(523, 19, 93, 47),
(524, 16, 94, 47),
(525, 17, 94, 47),
(526, 19, 94, 47),
(527, 21, 94, 47),
(528, 24, 94, 47),
(529, 26, 94, 47),
(530, 33, 94, 47),
(531, 27, 94, 47),
(532, 16, 95, 47),
(533, 17, 95, 47),
(534, 19, 95, 47),
(536, 2, 96, 44),
(537, 9, 96, 44),
(538, 8, 96, 44),
(539, 13, 96, 44),
(540, 16, 97, 47),
(541, 17, 97, 47),
(542, 19, 97, 47),
(543, 21, 97, 47),
(544, 26, 97, 47),
(545, 33, 97, 47),
(546, 4, 98, 47),
(547, 10, 98, 47),
(548, 10, 99, 47),
(549, 11, 99, 47),
(550, 73, 99, 47),
(551, 16, 100, 47),
(552, 17, 100, 47),
(553, 19, 100, 47),
(554, 21, 100, 47),
(555, 23, 100, 47),
(556, 22, 100, 47),
(557, 20, 100, 47),
(558, 24, 100, 47),
(559, 18, 100, 47),
(560, 26, 100, 47),
(561, 33, 100, 47),
(562, 42, 100, 47),
(563, 2, 101, 47),
(564, 6, 101, 47),
(565, 8, 101, 47),
(566, 75, 101, 47),
(567, 16, 102, 44),
(568, 17, 102, 44),
(569, 21, 102, 44),
(570, 33, 102, 44),
(571, 34, 102, 44),
(572, 16, 103, 44),
(573, 17, 103, 44),
(574, 19, 103, 44),
(575, 21, 103, 44),
(576, 31, 103, 44),
(577, 15, 104, 44),
(578, 16, 104, 44),
(579, 17, 104, 44),
(580, 31, 104, 44),
(582, 44, 104, 44),
(583, 16, 106, 44),
(584, 17, 106, 44),
(585, 19, 106, 44),
(586, 20, 106, 44),
(589, 46, 106, 44),
(590, 54, 106, 44),
(594, 63, 114, 49),
(595, 58, 114, 49),
(596, 20, 115, 49),
(597, 19, 115, 49),
(598, 17, 115, 49),
(599, 16, 115, 49),
(600, 34, 115, 49),
(601, 46, 115, 49),
(602, 58, 116, 49),
(603, 59, 116, 49),
(604, 61, 116, 49),
(605, 62, 116, 49),
(606, 64, 116, 49),
(607, 66, 116, 49),
(608, 17, 118, 49),
(609, 26, 118, 49),
(610, 21, 119, 49),
(611, 55, 120, 49),
(612, 57, 120, 49),
(613, 61, 120, 49),
(614, 67, 120, 49),
(615, 65, 120, 49),
(616, 63, 120, 49),
(617, 62, 120, 49),
(618, 55, 121, 49),
(619, 61, 121, 49),
(620, 63, 121, 49),
(621, 16, 122, 44),
(622, 17, 122, 44),
(623, 19, 122, 44),
(624, 31, 122, 44),
(625, 33, 122, 44),
(626, 27, 122, 44),
(627, 20, 42, 51),
(630, 17, 32, 53),
(631, 16, 32, 53),
(632, 22, 32, 53),
(633, 27, 32, 53),
(634, 33, 32, 53),
(635, 21, 33, 54),
(636, 16, 33, 54),
(637, 17, 33, 54),
(638, 51, 33, 54),
(641, 16, 34, 44),
(642, 16, 45, 44),
(646, 16, 126, 47),
(647, 17, 126, 47),
(648, 18, 126, 47),
(649, 19, 126, 47),
(650, 20, 126, 47),
(651, 22, 126, 47),
(652, 21, 126, 47),
(653, 23, 126, 47),
(654, 24, 126, 47),
(655, 25, 126, 47),
(656, 26, 126, 47),
(657, 27, 126, 47),
(658, 32, 126, 47),
(659, 58, 114, 47),
(660, 63, 114, 47),
(661, 64, 114, 47),
(683, 17, 146, 47),
(684, 18, 146, 47),
(685, 19, 146, 47),
(686, 20, 146, 47),
(687, 16, 146, 47),
(688, 22, 146, 47),
(689, 21, 146, 47),
(690, 23, 146, 47),
(691, 24, 146, 47),
(692, 26, 146, 47),
(693, 31, 146, 47),
(694, 40, 146, 47),
(695, 46, 146, 47),
(696, 54, 146, 47),
(702, 1, 150, 44),
(703, 2, 150, 44),
(704, 7, 150, 44),
(705, 9, 150, 44),
(706, 13, 150, 44),
(707, 7, 151, 44),
(708, 13, 151, 44),
(709, 10, 151, 44),
(710, 75, 151, 44),
(711, 16, 152, 44),
(712, 17, 152, 44),
(713, 21, 152, 44),
(714, 27, 152, 44),
(715, 33, 152, 44),
(716, 17, 153, 46),
(717, 16, 153, 46),
(718, 33, 153, 46),
(719, 27, 153, 46),
(720, 16, 155, 46),
(721, 21, 155, 46),
(722, 27, 155, 46),
(723, 33, 155, 46),
(724, 18, 152, 42),
(728, 14, 168, 42),
(731, 76, 26, 44),
(733, 75, 26, 44),
(734, 1, 26, 44),
(739, 50, 41, 58),
(742, 57, 170, 58),
(743, 62, 170, 58),
(744, 66, 170, 58),
(745, 65, 170, 58),
(746, 27, 171, 58),
(747, 42, 171, 58),
(748, 50, 171, 58),
(749, 54, 171, 58),
(750, 15, 172, 58),
(751, 34, 172, 58),
(752, 42, 172, 58),
(753, 30, 95, 43),
(754, 23, 95, 43),
(755, 19, 95, 43),
(756, 59, 165, 44),
(757, 62, 165, 44),
(758, 66, 165, 44),
(759, 67, 165, 44),
(760, 16, 160, 44),
(761, 17, 160, 44),
(762, 19, 160, 44),
(763, 21, 160, 44),
(764, 22, 160, 44),
(765, 31, 160, 44),
(766, 27, 160, 44),
(767, 54, 160, 44),
(768, 16, 159, 44),
(769, 17, 159, 44),
(770, 27, 159, 44),
(771, 21, 159, 44),
(772, 40, 159, 44),
(773, 54, 159, 44),
(774, 19, 159, 44),
(775, 27, 171, 44),
(776, 42, 171, 44),
(777, 50, 171, 44),
(778, 54, 171, 44),
(779, 17, 171, 44),
(780, 16, 171, 44),
(781, 22, 171, 44),
(782, 14, 166, 62),
(783, 65, 173, 61),
(784, 57, 173, 61),
(786, 62, 173, 61),
(787, 61, 173, 61),
(788, 67, 173, 61),
(789, 7, 151, 64),
(790, 17, 178, 53),
(791, 18, 178, 53),
(792, 20, 178, 53),
(793, 27, 178, 53),
(794, 31, 178, 53),
(795, 33, 178, 53),
(796, 17, 179, 53),
(797, 16, 179, 53),
(798, 18, 179, 53),
(799, 19, 179, 53),
(800, 26, 179, 53),
(801, 27, 179, 53),
(802, 17, 183, 53),
(803, 18, 183, 53),
(804, 23, 183, 53),
(806, 26, 183, 53),
(807, 18, 184, 53),
(808, 19, 184, 53),
(809, 16, 184, 53),
(810, 17, 184, 53),
(811, 34, 184, 53),
(813, 4, 85, 73),
(814, 5, 85, 73),
(815, 12, 85, 73),
(816, 73, 85, 73),
(817, 10, 85, 73),
(818, 13, 85, 73),
(819, 17, 84, 73),
(820, 18, 84, 73),
(821, 20, 84, 73),
(822, 26, 84, 73),
(823, 22, 84, 73),
(824, 28, 155, 44),
(825, 16, 155, 44),
(826, 33, 155, 44),
(827, 58, 114, 73),
(828, 63, 114, 73),
(829, 64, 114, 73),
(830, 62, 114, 73),
(831, 59, 114, 73),
(832, 17, 46, 73),
(833, 21, 46, 73),
(835, 20, 43, 73),
(836, 37, 43, 73),
(837, 21, 43, 73),
(838, 17, 43, 73),
(839, 26, 35, 73),
(840, 23, 35, 73),
(841, 17, 35, 73),
(842, 20, 35, 73),
(843, 21, 33, 73),
(844, 16, 33, 73),
(845, 17, 33, 73),
(846, 51, 33, 73),
(847, 19, 33, 73),
(848, 24, 33, 73),
(849, 27, 33, 73),
(850, 16, 32, 73),
(851, 17, 32, 73),
(852, 22, 32, 73),
(853, 27, 32, 73),
(854, 20, 32, 73),
(856, 54, 32, 73),
(857, 24, 32, 73),
(858, 26, 32, 73),
(859, 33, 32, 73),
(860, 17, 186, 74),
(861, 14, 185, 74),
(862, 16, 187, 74),
(863, 24, 187, 74),
(864, 21, 187, 74),
(865, 19, 187, 74),
(866, 17, 188, 74),
(867, 30, 188, 74),
(868, 46, 188, 74),
(869, 16, 189, 74),
(870, 17, 189, 74),
(871, 21, 189, 74),
(872, 17, 190, 74),
(873, 26, 190, 74),
(874, 42, 190, 74),
(875, 17, 191, 74),
(876, 16, 191, 74),
(877, 24, 191, 74),
(878, 21, 191, 74),
(879, 48, 191, 74),
(880, 34, 191, 74),
(881, 17, 192, 74),
(882, 16, 192, 74),
(883, 34, 192, 74),
(884, 17, 193, 74),
(885, 21, 193, 74),
(886, 58, 116, 74),
(887, 64, 116, 74),
(888, 66, 116, 74),
(889, 61, 116, 74),
(890, 62, 116, 74),
(891, 59, 116, 74),
(892, 62, 194, 74),
(893, 64, 194, 74),
(895, 62, 195, 74),
(896, 64, 195, 74),
(897, 63, 195, 74),
(898, 57, 195, 74),
(899, 5, 196, 74),
(900, 56, 198, 74),
(901, 60, 198, 74),
(902, 14, 199, 74),
(903, 15, 200, 74),
(904, 16, 200, 74),
(905, 19, 200, 74),
(907, 65, 201, 74),
(908, 62, 201, 74),
(909, 5, 202, 74),
(911, 5, 203, 74),
(912, 10, 203, 74),
(913, 12, 203, 74),
(914, 73, 203, 74),
(915, 76, 203, 74),
(916, 75, 204, 74),
(917, 17, 205, 74),
(918, 16, 205, 74),
(919, 19, 205, 74),
(920, 22, 205, 74),
(921, 51, 205, 74),
(922, 11, 206, 74),
(923, 9, 206, 74),
(924, 16, 207, 74),
(925, 43, 207, 74),
(926, 31, 208, 74),
(927, 16, 208, 74),
(928, 17, 208, 74),
(931, 17, 33, 74),
(932, 21, 33, 74),
(933, 51, 33, 74),
(936, 15, 209, 71),
(937, 16, 209, 71),
(938, 19, 209, 71),
(939, 21, 209, 71),
(940, 25, 209, 71),
(941, 44, 209, 71),
(942, 46, 209, 71),
(943, 17, 210, 71),
(944, 22, 210, 71),
(945, 26, 210, 71),
(946, 67, 211, 71),
(948, 62, 211, 71),
(949, 63, 211, 71),
(950, 14, 212, 71),
(951, 34, 212, 71),
(952, 53, 212, 71),
(953, 57, 213, 71),
(954, 67, 213, 71),
(955, 62, 213, 71),
(956, 15, 215, 71),
(957, 16, 215, 71),
(958, 17, 215, 71),
(959, 19, 215, 71),
(960, 21, 215, 71),
(961, 24, 215, 71),
(962, 27, 215, 71),
(963, 15, 216, 71),
(964, 16, 216, 71),
(965, 21, 216, 71),
(966, 26, 216, 71),
(967, 27, 216, 71),
(968, 16, 217, 71),
(969, 17, 217, 71),
(970, 21, 217, 71),
(971, 25, 217, 71),
(972, 44, 217, 71),
(973, 14, 218, 71),
(974, 19, 218, 71),
(975, 22, 218, 71),
(976, 31, 218, 71),
(977, 34, 218, 71),
(978, 4, 219, 71),
(979, 9, 219, 71),
(980, 10, 219, 71),
(981, 73, 219, 71),
(982, 15, 220, 75),
(983, 16, 220, 75),
(984, 17, 220, 75),
(985, 21, 220, 75),
(986, 27, 220, 75),
(987, 43, 220, 75),
(988, 16, 221, 70),
(989, 17, 221, 70),
(990, 18, 221, 70),
(991, 22, 221, 70),
(992, 26, 221, 70),
(993, 31, 221, 70),
(994, 36, 222, 70),
(995, 16, 222, 70),
(996, 17, 222, 70),
(997, 22, 222, 70),
(998, 17, 223, 70),
(999, 20, 223, 70),
(1000, 26, 223, 70),
(1001, 31, 223, 70),
(1002, 16, 224, 70),
(1003, 17, 224, 70),
(1004, 22, 224, 70),
(1005, 18, 224, 70),
(1006, 19, 224, 70),
(1007, 20, 224, 70),
(1008, 26, 224, 70),
(1009, 33, 224, 70),
(1010, 31, 224, 70),
(1011, 16, 225, 70),
(1012, 17, 225, 70),
(1013, 23, 225, 70),
(1014, 22, 225, 70),
(1015, 20, 225, 70),
(1016, 18, 225, 70),
(1017, 26, 225, 70),
(1018, 33, 225, 70),
(1019, 27, 225, 70),
(1020, 54, 225, 70),
(1021, 21, 226, 70),
(1022, 19, 226, 70),
(1023, 27, 226, 70),
(1024, 34, 226, 70),
(1025, 53, 226, 70),
(1026, 16, 227, 70),
(1027, 17, 227, 70),
(1028, 19, 227, 70),
(1029, 21, 227, 70),
(1030, 31, 227, 70),
(1031, 46, 227, 70),
(1032, 20, 228, 70),
(1033, 17, 228, 70),
(1034, 16, 228, 70),
(1035, 27, 228, 70),
(1036, 31, 228, 70),
(1037, 54, 228, 70),
(1038, 58, 229, 70),
(1039, 62, 229, 70),
(1040, 64, 229, 70),
(1042, 17, 225, 44),
(1043, 26, 225, 44),
(1044, 27, 225, 44),
(1045, 33, 225, 44),
(1046, 16, 225, 44),
(1047, 40, 159, 76),
(1048, 17, 159, 76),
(1049, 16, 159, 76),
(1050, 21, 159, 76),
(1051, 27, 159, 76),
(1052, 54, 159, 76),
(1053, 30, 159, 76),
(1054, 27, 160, 76),
(1055, 31, 160, 76),
(1056, 54, 160, 76),
(1057, 16, 160, 76),
(1058, 17, 160, 76),
(1059, 21, 160, 76),
(1060, 22, 160, 76),
(1061, 17, 178, 76),
(1062, 27, 178, 76),
(1063, 31, 178, 76),
(1064, 33, 178, 76),
(1065, 21, 178, 76),
(1066, 17, 230, 45),
(1068, 16, 230, 45),
(1069, 25, 230, 45),
(1070, 21, 230, 45),
(1071, 27, 230, 45),
(1072, 31, 230, 45),
(1073, 33, 230, 45),
(1074, 48, 230, 45),
(1075, 16, 230, 44),
(1076, 17, 230, 44),
(1077, 21, 230, 44),
(1078, 16, 231, 45),
(1079, 25, 230, 44),
(1080, 27, 230, 44),
(1081, 17, 231, 45),
(1082, 31, 230, 44),
(1084, 48, 230, 44),
(1085, 21, 231, 45),
(1086, 33, 230, 44),
(1087, 16, 231, 44),
(1088, 17, 231, 44),
(1089, 21, 231, 44),
(1090, 39, 231, 44),
(1091, 27, 231, 44),
(1092, 39, 231, 45),
(1094, 7, 232, 78),
(1095, 10, 232, 78),
(1096, 11, 232, 78),
(1097, 12, 232, 78),
(1098, 13, 232, 78),
(1099, 4, 233, 78),
(1100, 10, 233, 78),
(1101, 11, 233, 78),
(1102, 12, 233, 78),
(1103, 15, 234, 78),
(1104, 16, 234, 78),
(1105, 17, 234, 78),
(1106, 19, 234, 78),
(1107, 21, 234, 78),
(1108, 31, 234, 78),
(1110, 49, 234, 78),
(1111, 15, 235, 78),
(1112, 16, 235, 78),
(1113, 19, 235, 78),
(1114, 21, 235, 78),
(1115, 24, 235, 78),
(1117, 27, 235, 78),
(1118, 28, 235, 78),
(1119, 30, 235, 78),
(1120, 31, 235, 78),
(1122, 46, 235, 78),
(1123, 49, 235, 78),
(1124, 16, 236, 78),
(1125, 17, 236, 78),
(1126, 18, 236, 78),
(1127, 19, 236, 78),
(1128, 20, 236, 78),
(1131, 24, 236, 78),
(1132, 26, 236, 78),
(1133, 27, 236, 78),
(1134, 30, 236, 78),
(1135, 31, 236, 78),
(1136, 46, 236, 78),
(1137, 49, 236, 78),
(1138, 54, 236, 78),
(1139, 17, 237, 79),
(1140, 16, 237, 79),
(1141, 19, 237, 79),
(1142, 20, 237, 79),
(1143, 45, 237, 79),
(1144, 31, 237, 79),
(1145, 21, 237, 79),
(1146, 17, 238, 79),
(1147, 20, 238, 79),
(1148, 19, 238, 79),
(1149, 16, 238, 79),
(1150, 21, 238, 79),
(1151, 25, 238, 79),
(1152, 27, 238, 79),
(1153, 31, 238, 79),
(1154, 40, 238, 79),
(1155, 54, 238, 79),
(1156, 2, 239, 79),
(1157, 6, 239, 79),
(1158, 8, 239, 79),
(1159, 9, 239, 79),
(1160, 11, 239, 79),
(1161, 12, 239, 79),
(1162, 13, 239, 79),
(1163, 73, 239, 79),
(1172, 17, 240, 74),
(1173, 22, 240, 74),
(1174, 42, 240, 74),
(1175, 17, 241, 74),
(1176, 16, 241, 74),
(1177, 19, 241, 74),
(1178, 21, 241, 74),
(1179, 30, 241, 74),
(1180, 46, 241, 74),
(1182, 36, 222, 74),
(1183, 22, 222, 74),
(1184, 17, 222, 74),
(1185, 16, 222, 74),
(1186, 16, 242, 74),
(1187, 17, 242, 74),
(1188, 21, 242, 74),
(1189, 36, 242, 74),
(1190, 16, 243, 74),
(1191, 17, 243, 74),
(1192, 18, 243, 74),
(1194, 23, 243, 74),
(1195, 26, 243, 74),
(1196, 17, 244, 74),
(1197, 22, 244, 74),
(1198, 47, 244, 74),
(1199, 50, 244, 74),
(1200, 16, 245, 74),
(1201, 21, 245, 74),
(1202, 47, 245, 74),
(1203, 16, 246, 74),
(1204, 17, 246, 74),
(1205, 18, 246, 74),
(1206, 19, 246, 74),
(1207, 21, 246, 74),
(1208, 24, 246, 74),
(1209, 33, 246, 74),
(1210, 36, 257, 80),
(1211, 52, 257, 80),
(1212, 22, 257, 80),
(1213, 36, 258, 80),
(1214, 19, 106, 81),
(1218, 16, 243, 44),
(1219, 17, 243, 44),
(1220, 23, 243, 44),
(1221, 26, 243, 44),
(1222, 16, 262, 75),
(1223, 17, 262, 75),
(1224, 39, 262, 75),
(1229, 17, 263, 75),
(1230, 16, 263, 75),
(1231, 20, 263, 75),
(1232, 22, 263, 75),
(1233, 26, 263, 75),
(1234, 39, 263, 75),
(1235, 16, 264, 75),
(1236, 17, 264, 75),
(1237, 19, 264, 75),
(1238, 21, 264, 75),
(1239, 24, 264, 75),
(1240, 27, 264, 75),
(1241, 39, 264, 75),
(1242, 16, 265, 75),
(1243, 17, 265, 75),
(1244, 18, 265, 75),
(1245, 19, 265, 75),
(1246, 22, 265, 75),
(1247, 24, 265, 75),
(1248, 39, 265, 75),
(1249, 49, 266, 75),
(1250, 44, 266, 75),
(1251, 24, 266, 75),
(1252, 21, 266, 75),
(1253, 17, 266, 75),
(1254, 16, 266, 75),
(1255, 18, 266, 75),
(1256, 19, 266, 75),
(1257, 46, 266, 75),
(1258, 16, 217, 75),
(1259, 21, 217, 75),
(1260, 44, 217, 75),
(1261, 31, 217, 75),
(1262, 46, 217, 75),
(1263, 47, 217, 75),
(1264, 49, 217, 75),
(1265, 17, 246, 75),
(1266, 16, 246, 75),
(1267, 18, 246, 75),
(1268, 20, 246, 75),
(1270, 22, 246, 75),
(1271, 26, 246, 75),
(1272, 1, 267, 75),
(1273, 9, 267, 75),
(1274, 12, 267, 75),
(1275, 73, 267, 75),
(1276, 1, 268, 75),
(1277, 4, 268, 75),
(1278, 5, 268, 75),
(1279, 73, 268, 75),
(1280, 16, 242, 44),
(1281, 17, 242, 44),
(1282, 21, 242, 44),
(1283, 36, 242, 44),
(1284, 16, 269, 54),
(1285, 17, 269, 54),
(1286, 19, 269, 54),
(1287, 18, 269, 54),
(1288, 21, 269, 54),
(1289, 27, 269, 54),
(1290, 31, 269, 54),
(1291, 33, 269, 54),
(1292, 16, 270, 54),
(1293, 17, 270, 54),
(1294, 21, 270, 54),
(1295, 28, 270, 54),
(1296, 57, 271, 54),
(1297, 61, 271, 54),
(1298, 67, 271, 54),
(1300, 16, 272, 54),
(1301, 17, 272, 54),
(1302, 19, 272, 54),
(1303, 21, 272, 54),
(1305, 51, 272, 54),
(1306, 44, 270, 54),
(1307, 15, 273, 54),
(1308, 21, 273, 54),
(1309, 31, 273, 54),
(1310, 33, 273, 54),
(1311, 15, 274, 54),
(1313, 21, 274, 54),
(1314, 33, 274, 54),
(1316, 58, 276, 54),
(1317, 62, 276, 54),
(1318, 64, 276, 54),
(1319, 66, 276, 54),
(1320, 67, 276, 54),
(1321, 16, 277, 54),
(1322, 17, 277, 54),
(1323, 20, 277, 54),
(1324, 18, 277, 54),
(1325, 22, 277, 54),
(1326, 27, 277, 54),
(1327, 54, 277, 54),
(1328, 42, 277, 54),
(1329, 46, 277, 54),
(1330, 16, 278, 54),
(1331, 17, 278, 54),
(1332, 18, 278, 54),
(1333, 19, 278, 54),
(1334, 21, 278, 54),
(1335, 24, 278, 54),
(1336, 48, 278, 54),
(1337, 51, 278, 54),
(1339, 21, 279, 54),
(1340, 16, 279, 54),
(1341, 17, 279, 54),
(1342, 31, 279, 54),
(1343, 50, 279, 54),
(1344, 7, 280, 54),
(1345, 9, 280, 54),
(1346, 10, 280, 54),
(1347, 11, 280, 54),
(1348, 12, 280, 54),
(1349, 13, 280, 54),
(1351, 48, 281, 58),
(1352, 16, 283, 54),
(1353, 17, 283, 54),
(1354, 21, 283, 54),
(1355, 28, 283, 54),
(1356, 35, 283, 54),
(1357, 55, 284, 58),
(1358, 58, 285, 58),
(1359, 62, 285, 58),
(1360, 48, 286, 58),
(1361, 54, 286, 58),
(1362, 26, 286, 58),
(1363, 8, 287, 58),
(1364, 9, 287, 58),
(1365, 10, 287, 58),
(1366, 12, 287, 58),
(1367, 13, 287, 58),
(1368, 7, 287, 58),
(1369, 16, 288, 58),
(1370, 24, 288, 58),
(1371, 27, 288, 58),
(1372, 40, 288, 58),
(1373, 45, 288, 58),
(1374, 46, 288, 58),
(1375, 54, 288, 58),
(1376, 57, 289, 58),
(1377, 66, 289, 58),
(1378, 67, 289, 58),
(1379, 65, 289, 58),
(1380, 62, 289, 58),
(1381, 66, 290, 58),
(1382, 65, 290, 58),
(1383, 62, 290, 58),
(1384, 58, 290, 58),
(1385, 57, 290, 58),
(1386, 67, 290, 58),
(1387, 62, 291, 58),
(1388, 65, 291, 58),
(1389, 66, 291, 58),
(1390, 67, 291, 58),
(1391, 16, 293, 54),
(1392, 17, 293, 54),
(1394, 21, 293, 54),
(1395, 33, 293, 54),
(1396, 61, 294, 54),
(1397, 63, 294, 54),
(1398, 67, 294, 54),
(1399, 16, 27, 54),
(1400, 17, 27, 54),
(1401, 27, 27, 54),
(1402, 33, 27, 54),
(1403, 21, 27, 54),
(1404, 18, 27, 54),
(1406, 16, 295, 54),
(1407, 17, 295, 54),
(1408, 21, 295, 54),
(1409, 34, 295, 54),
(1410, 16, 296, 54),
(1411, 17, 296, 54),
(1412, 21, 296, 54),
(1413, 30, 296, 54),
(1415, 16, 297, 54),
(1416, 17, 297, 54),
(1417, 21, 297, 54),
(1418, 19, 297, 54),
(1419, 30, 297, 54),
(1420, 57, 298, 49),
(1421, 59, 298, 49),
(1422, 59, 300, 49),
(1423, 65, 301, 49),
(1424, 62, 301, 49),
(1425, 21, 302, 49),
(1426, 58, 303, 49),
(1428, 17, 305, 65),
(1429, 21, 305, 65),
(1430, 27, 305, 65),
(1431, 33, 305, 65),
(1432, 19, 305, 65),
(1433, 12, 306, 65),
(1434, 9, 306, 65),
(1436, 13, 306, 65),
(1437, 33, 307, 65),
(1438, 31, 307, 65),
(1439, 16, 308, 65),
(1440, 19, 308, 65),
(1441, 33, 308, 65),
(1442, 21, 308, 65),
(1443, 27, 308, 65),
(1444, 40, 309, 65),
(1445, 33, 309, 65),
(1446, 26, 309, 65),
(1447, 17, 309, 65),
(1448, 27, 309, 65),
(1449, 17, 310, 65),
(1450, 27, 310, 65),
(1451, 23, 310, 65),
(1452, 42, 310, 65),
(1454, 17, 311, 65),
(1455, 21, 311, 65),
(1456, 26, 311, 65),
(1457, 42, 311, 65),
(1458, 16, 312, 79),
(1459, 17, 312, 79),
(1460, 19, 312, 79),
(1461, 20, 312, 79),
(1462, 21, 312, 79),
(1463, 25, 312, 79),
(1464, 33, 312, 79),
(1465, 31, 312, 79),
(1466, 17, 313, 79),
(1467, 16, 313, 79),
(1468, 19, 313, 79),
(1469, 20, 313, 79),
(1470, 21, 313, 79),
(1471, 25, 313, 79),
(1472, 26, 313, 79),
(1473, 27, 313, 79),
(1474, 30, 313, 79),
(1475, 31, 313, 79),
(1476, 33, 313, 79),
(1477, 54, 313, 79),
(1479, 40, 313, 79),
(1480, 16, 314, 79),
(1481, 17, 314, 79),
(1482, 19, 314, 79),
(1483, 20, 314, 79),
(1484, 21, 314, 79),
(1485, 25, 314, 79),
(1486, 27, 314, 79),
(1487, 30, 314, 79),
(1488, 31, 314, 79),
(1489, 33, 314, 79),
(1490, 46, 314, 79),
(1491, 54, 314, 79),
(1492, 17, 315, 79),
(1493, 20, 315, 79),
(1494, 21, 315, 79),
(1495, 24, 315, 79),
(1496, 28, 315, 79),
(1497, 27, 315, 79),
(1498, 54, 315, 79),
(1499, 21, 316, 79),
(1500, 24, 316, 79),
(1501, 30, 316, 79),
(1502, 54, 316, 79),
(1503, 17, 317, 79),
(1504, 20, 317, 79),
(1505, 22, 317, 79),
(1506, 26, 317, 79),
(1507, 27, 317, 79),
(1508, 33, 317, 79),
(1509, 54, 317, 79),
(1510, 59, 318, 79),
(1511, 66, 318, 79),
(1512, 62, 318, 79),
(1513, 61, 318, 79),
(1514, 59, 319, 79),
(1515, 61, 319, 79),
(1516, 66, 319, 79),
(1517, 67, 319, 79),
(1518, 16, 320, 79),
(1519, 17, 320, 79),
(1520, 19, 320, 79),
(1521, 18, 320, 79),
(1522, 20, 320, 79),
(1523, 15, 320, 79),
(1524, 21, 320, 79),
(1525, 24, 320, 79),
(1526, 25, 320, 79),
(1527, 36, 320, 79),
(1528, 32, 320, 79),
(1529, 47, 320, 79),
(1530, 57, 321, 79),
(1531, 58, 321, 79),
(1532, 62, 321, 79),
(1533, 63, 321, 79),
(1534, 15, 322, 61),
(1535, 16, 322, 61),
(1536, 17, 322, 61),
(1537, 20, 322, 61),
(1538, 22, 322, 61),
(1539, 26, 322, 61),
(1540, 27, 322, 61),
(1541, 30, 322, 61),
(1542, 33, 322, 61),
(1543, 57, 323, 61),
(1545, 65, 323, 61),
(1546, 67, 323, 61),
(1560, 57, 325, 61),
(1561, 58, 325, 61),
(1562, 59, 325, 61),
(1563, 61, 325, 61),
(1564, 62, 325, 61),
(1565, 63, 325, 61),
(1566, 64, 325, 61),
(1567, 65, 325, 61),
(1568, 66, 325, 61),
(1569, 67, 325, 61),
(1570, 55, 325, 61),
(1571, 17, 326, 61),
(1572, 22, 326, 61),
(1573, 25, 326, 61),
(1574, 57, 327, 61),
(1575, 62, 327, 61),
(1576, 61, 327, 61),
(1577, 15, 328, 61),
(1578, 17, 328, 61),
(1579, 18, 328, 61),
(1581, 20, 328, 61),
(1582, 54, 328, 61),
(1583, 15, 329, 86),
(1584, 16, 329, 86),
(1585, 17, 329, 86),
(1586, 19, 329, 86),
(1587, 18, 329, 86),
(1589, 26, 329, 86),
(1590, 2, 96, 86),
(1591, 8, 96, 86),
(1592, 9, 96, 86),
(1593, 13, 96, 86),
(1594, 12, 96, 86),
(1595, 46, 332, 58),
(1596, 44, 332, 58),
(1597, 26, 333, 58),
(1598, 36, 333, 58),
(1599, 44, 332, 44),
(1600, 16, 332, 44),
(1601, 21, 332, 44),
(1602, 31, 332, 44),
(1603, 20, 329, 89),
(1604, 1, 334, 89),
(1605, 4, 334, 89),
(1606, 61, 335, 44),
(1607, 67, 335, 44),
(1608, 19, 336, 90),
(1609, 24, 336, 90),
(1610, 27, 336, 90),
(1611, 31, 336, 90),
(1612, 32, 336, 90),
(1613, 45, 336, 90),
(1614, 46, 336, 90),
(1615, 7, 338, 90),
(1616, 10, 338, 90),
(1617, 11, 338, 90),
(1618, 12, 338, 90),
(1619, 13, 338, 90),
(1620, 75, 338, 90),
(1622, 43, 340, 95),
(1623, 21, 340, 95),
(1624, 14, 339, 96),
(1625, 15, 339, 96),
(1626, 16, 339, 96),
(1627, 17, 339, 96),
(1628, 18, 339, 96),
(1629, 19, 339, 96),
(1630, 20, 339, 96),
(1631, 26, 339, 96),
(1632, 25, 339, 96),
(1633, 24, 339, 96),
(1635, 12, 338, 96),
(1636, 13, 338, 96),
(1637, 5, 338, 96),
(1638, 4, 338, 96),
(1639, 2, 338, 96),
(1640, 16, 344, 44),
(1641, 17, 344, 44),
(1642, 19, 344, 44),
(1643, 21, 344, 44),
(1644, 27, 344, 44),
(1645, 33, 344, 44),
(1646, 9, 345, 45),
(1647, 11, 345, 45),
(1649, 12, 345, 45),
(1650, 27, 346, 45),
(1651, 54, 346, 45),
(1652, 20, 346, 45),
(1653, 19, 346, 45),
(1654, 16, 346, 45),
(1655, 33, 346, 45),
(1656, 21, 346, 45),
(1657, 40, 346, 45),
(1658, 33, 347, 45),
(1659, 19, 347, 45),
(1660, 17, 347, 45),
(1661, 33, 348, 45),
(1662, 17, 348, 45),
(1663, 20, 348, 45),
(1664, 54, 349, 45),
(1665, 48, 349, 45),
(1666, 19, 349, 45),
(1670, 35, 351, 45),
(1672, 37, 351, 45),
(1673, 17, 351, 45),
(1674, 16, 351, 45),
(1675, 17, 352, 45),
(1676, 16, 352, 45),
(1677, 33, 352, 45),
(1678, 16, 353, 45),
(1679, 33, 353, 45),
(1680, 19, 353, 45),
(1687, 36, 360, 48),
(1688, 36, 358, 48),
(1689, 30, 363, 48),
(1690, 36, 365, 48),
(1691, 59, 367, 102),
(1692, 16, 368, 75),
(1693, 17, 368, 75),
(1694, 21, 368, 75),
(1695, 20, 368, 75),
(1696, 43, 368, 75),
(1697, 48, 368, 75),
(1698, 17, 369, 104),
(1699, 16, 369, 104),
(1700, 20, 369, 104),
(1701, 21, 369, 104),
(1702, 48, 370, 104),
(1703, 15, 371, 104),
(1704, 16, 371, 104),
(1705, 17, 371, 104),
(1706, 19, 371, 104),
(1707, 21, 371, 104),
(1708, 22, 371, 104),
(1709, 27, 371, 104),
(1710, 16, 372, 104),
(1711, 17, 372, 104),
(1712, 19, 372, 104),
(1713, 57, 373, 104),
(1714, 62, 373, 104),
(1715, 65, 373, 104),
(1716, 66, 373, 104),
(1717, 17, 374, 104),
(1718, 22, 374, 104),
(1722, 17, 377, 105),
(1723, 16, 377, 105),
(1724, 21, 377, 105),
(1725, 27, 377, 105),
(1726, 34, 377, 105),
(1727, 53, 377, 105),
(1728, 16, 192, 44),
(1729, 17, 192, 44),
(1730, 34, 192, 44),
(1731, 15, 192, 44),
(1732, 24, 192, 44),
(1733, 22, 192, 44),
(1734, 17, 32, 112),
(1735, 27, 32, 112),
(1736, 33, 32, 112),
(1738, 16, 381, 112),
(1739, 17, 381, 112),
(1740, 19, 381, 112),
(1741, 27, 381, 112),
(1742, 17, 32, 110),
(1743, 57, 382, 112),
(1744, 61, 382, 112),
(1745, 62, 382, 112),
(1746, 63, 382, 112),
(1747, 14, 383, 112),
(1748, 15, 383, 112),
(1749, 19, 383, 112),
(1750, 32, 383, 112),
(1751, 27, 383, 112),
(1752, 26, 192, 112),
(1754, 15, 192, 112),
(1755, 34, 192, 112),
(1756, 15, 384, 112),
(1757, 16, 384, 112),
(1758, 17, 384, 112),
(1759, 19, 384, 112),
(1760, 21, 384, 112),
(1761, 28, 384, 112),
(1762, 14, 385, 112),
(1763, 15, 385, 112),
(1764, 16, 385, 112),
(1766, 18, 385, 112),
(1767, 23, 385, 112),
(1768, 24, 385, 112),
(1769, 26, 385, 112),
(1770, 27, 385, 112),
(1771, 42, 385, 112),
(1772, 63, 382, 44),
(1773, 57, 382, 44),
(1774, 61, 382, 44),
(1775, 16, 381, 44),
(1776, 17, 381, 44),
(1778, 27, 381, 44),
(1779, 24, 381, 44),
(1780, 17, 386, 104),
(1781, 18, 386, 104),
(1782, 30, 386, 104),
(1783, 31, 386, 104),
(1784, 16, 387, 113),
(1785, 17, 387, 113),
(1786, 15, 388, 113),
(1787, 16, 388, 113),
(1788, 17, 388, 113),
(1789, 19, 389, 113),
(1790, 34, 389, 113),
(1791, 14, 390, 113),
(1792, 8, 379, 106),
(1793, 17, 243, 114),
(1794, 14, 391, 46),
(1795, 16, 392, 44),
(1796, 17, 392, 44),
(1797, 22, 392, 44),
(1798, 42, 392, 44),
(1799, 53, 392, 44),
(1800, 16, 393, 79),
(1801, 15, 393, 79),
(1802, 17, 393, 79),
(1803, 18, 393, 79),
(1804, 19, 393, 79),
(1805, 20, 393, 79),
(1806, 22, 393, 79),
(1807, 26, 393, 79),
(1808, 27, 393, 79),
(1809, 31, 393, 79),
(1810, 33, 393, 79),
(1811, 54, 393, 79),
(1812, 16, 394, 79),
(1813, 17, 394, 79),
(1814, 15, 394, 79),
(1815, 18, 394, 79),
(1816, 19, 394, 79),
(1817, 20, 394, 79),
(1818, 21, 394, 79),
(1819, 22, 394, 79),
(1820, 25, 394, 79),
(1821, 31, 394, 79),
(1822, 33, 394, 79),
(1823, 16, 396, 46),
(1824, 17, 396, 46),
(1825, 19, 396, 46),
(1826, 31, 396, 46),
(1827, 33, 396, 46),
(1829, 16, 397, 114),
(1830, 17, 397, 114),
(1831, 18, 397, 114),
(1832, 21, 397, 114),
(1833, 33, 397, 114),
(1834, 16, 398, 46),
(1835, 17, 398, 46),
(1836, 48, 398, 46),
(1837, 17, 399, 46),
(1838, 33, 399, 46),
(1839, 15, 400, 46),
(1840, 16, 400, 46),
(1841, 21, 400, 46),
(1842, 16, 401, 46),
(1843, 17, 401, 46),
(1844, 33, 401, 46),
(1845, 21, 401, 46),
(1846, 16, 402, 44),
(1847, 17, 402, 44),
(1848, 18, 402, 44),
(1849, 19, 402, 44),
(1850, 22, 402, 44),
(1851, 24, 402, 44),
(1852, 33, 402, 44),
(1853, 16, 402, 117),
(1854, 30, 40, 117),
(1855, 41, 40, 117),
(1856, 16, 40, 117),
(1857, 35, 40, 117),
(1858, 36, 40, 117),
(1859, 45, 40, 117),
(1860, 51, 40, 117),
(1861, 50, 40, 117),
(1862, 49, 40, 117),
(1863, 26, 40, 117),
(1864, 22, 40, 117),
(1865, 20, 40, 117),
(1866, 26, 403, 46),
(1867, 17, 403, 46),
(1868, 17, 403, 44),
(1869, 26, 403, 44),
(1870, 16, 401, 44),
(1871, 16, 242, 119),
(1872, 17, 242, 119),
(1873, 36, 242, 119),
(1874, 21, 242, 119),
(1875, 31, 404, 119),
(1876, 16, 404, 119),
(1877, 17, 404, 119),
(1878, 21, 404, 119),
(1879, 50, 404, 119),
(1881, 31, 405, 119),
(1882, 36, 406, 119),
(1883, 16, 406, 119),
(1884, 17, 406, 119),
(1885, 15, 407, 119),
(1886, 16, 407, 119),
(1887, 17, 407, 119),
(1888, 19, 407, 119),
(1889, 27, 407, 119),
(1890, 35, 408, 119),
(1891, 17, 408, 119),
(1892, 50, 408, 119),
(1893, 26, 409, 119),
(1894, 40, 409, 119),
(1895, 62, 410, 119),
(1896, 63, 410, 119),
(1897, 65, 410, 119),
(1898, 67, 410, 119),
(1899, 59, 411, 119),
(1902, 65, 412, 119),
(1903, 67, 412, 119),
(1904, 10, 413, 119),
(1905, 12, 413, 119),
(1906, 11, 413, 119),
(1907, 21, 414, 119),
(1908, 28, 414, 119),
(1909, 16, 415, 119),
(1910, 65, 289, 119),
(1911, 66, 289, 119),
(1912, 67, 289, 119),
(1913, 57, 289, 119);

-- --------------------------------------------------------

--
-- Structure de la table `ss_tags_categ`
--

CREATE TABLE IF NOT EXISTS `ss_tags_categ` (
  `tag_id` int(11) NOT NULL AUTO_INCREMENT,
  `tag_name` text NOT NULL,
  `category_name` int(11) NOT NULL,
  PRIMARY KEY (`tag_id`),
  KEY `category` (`category_name`)
) ENGINE=InnoDB AUTO_INCREMENT=77 DEFAULT CHARSET=utf8;

--
-- Déchargement des données de la table `ss_tags_categ`
--

INSERT IGNORE INTO `ss_tags_categ` (`tag_id`, `tag_name`, `category_name`) VALUES
(1, 'Boutique Hotel', 1),
(2, 'B&B', 1),
(4, 'Central location', 1),
(5, 'City Center\r\n', 1),
(6, 'Countryside', 1),
(7, 'Beach\r\n', 1),
(8, 'Mountain\r\n', 1),
(9, 'Romantic\r\n', 1),
(10, 'Luxury', 1),
(11, 'Family', 1),
(12, 'Spa/Swimming Pool', 1),
(13, 'Scenic view\r\n', 1),
(14, 'Bakery/Tea room\r\n', 2),
(15, 'Brunch\r\n', 2),
(16, 'Lunch\r\n', 2),
(17, 'Dinner\r\n', 2),
(18, 'Business\r\n', 2),
(19, 'Family\r\n', 2),
(20, 'Romantic\r\n', 2),
(21, 'Casual\r\n', 2),
(22, 'Fancy\r\n', 2),
(23, 'Formal\r\n', 2),
(24, 'Large Groups\r\n', 2),
(25, 'Slowfood/Homemade\r\n', 2),
(26, 'Fine-dining/Gourmet\r\n', 2),
(27, 'Outdoor seating\r\n', 2),
(28, 'Streetfood\r\n', 2),
(30, 'Tapas\r\n', 2),
(31, 'Local cuisine/Authentic\r\n', 2),
(32, 'Bio-Organic\r\n', 2),
(33, 'French\r\n', 2),
(34, 'Italian\r\n', 2),
(35, 'Chinese\r\n', 2),
(36, 'Japanese\r\n', 2),
(37, 'Thai\r\n', 2),
(38, 'Vietnamese\r\n', 2),
(39, 'Indian\r\n', 2),
(40, 'Seafood\r\n', 2),
(41, 'African\r\n', 2),
(42, 'World/Fusion\r\n', 2),
(43, 'American\r\n', 2),
(44, 'Lebanese\r\n', 2),
(45, 'Greek\r\n', 2),
(46, 'Mediterranean\r\n', 2),
(47, 'Vegetarian\r\n', 2),
(48, 'Steakhouse\r\n', 2),
(49, 'Middle Eastern\r\n', 2),
(50, 'Asian\r\n', 2),
(51, 'South American\r\n', 2),
(52, 'Sushi\r\n', 2),
(53, 'Pizza\r\n', 2),
(54, 'Scenic view\r\n', 2),
(55, 'Live Music\r\n', 3),
(56, 'Jazz and Blues\r\n', 3),
(57, 'Lounge\r\n', 3),
(58, 'Dansing\r\n', 3),
(59, 'Beach Bar\r\n', 3),
(60, 'Wine Bar\r\n', 3),
(61, 'Casual\r\n', 3),
(62, 'Trendy\r\n', 3),
(63, 'Afterwork\r\n', 3),
(64, 'Late Night\r\n', 3),
(65, 'Rooftop\r\n', 3),
(66, 'Scenic view\r\n', 3),
(67, 'Outdoor\r\n', 3),
(73, 'Design', 1),
(75, 'Classic Style', 1),
(76, 'All Inclusive', 1);

-- --------------------------------------------------------

--
-- Structure de la table `ss_tips`
--

CREATE TABLE IF NOT EXISTS `ss_tips` (
  `ss_tips_id` int(11) NOT NULL AUTO_INCREMENT,
  `user_id` int(11) NOT NULL,
  `spot_id` int(11) NOT NULL,
  `content` text COLLATE utf8_bin NOT NULL,
  `date` timestamp NOT NULL DEFAULT CURRENT_TIMESTAMP,
  PRIMARY KEY (`ss_tips_id`),
  KEY `user_id` (`user_id`),
  KEY `spot_id` (`spot_id`)
) ENGINE=InnoDB AUTO_INCREMENT=9 DEFAULT CHARSET=utf8 COLLATE=utf8_bin;

--
-- Déchargement des données de la table `ss_tips`
--

INSERT IGNORE INTO `ss_tips` (`ss_tips_id`, `user_id`, `spot_id`, `content`, `date`) VALUES
(1, 20, 46, 'test', '2017-10-22 19:56:49'),
(2, 20, 46, 'test test', '2017-10-22 19:59:04'),
(3, 21, 48, 'Super', '2017-10-24 05:03:01'),
(4, 21, 57, 'Best sushi in town', '2017-10-24 07:50:57'),
(5, 21, 62, 'Parfait pour un dejeuner sur lepouce', '2017-10-24 07:54:14'),
(6, 22, 48, 'Super le travail Julien !!', '2017-10-31 20:47:02'),
(7, 20, 42, 'Mongol mmmmmmh', '2017-11-06 22:47:22'),
(8, 20, 37, 'reregsdrgfdghrfh', '2017-12-10 16:30:45');

-- --------------------------------------------------------

--
-- Structure de la table `ss_to_spots`
--

CREATE TABLE IF NOT EXISTS `ss_to_spots` (
  `to_spot_id` int(11) NOT NULL AUTO_INCREMENT,
  `SPOT_ID` int(11) NOT NULL,
  `user_ID` int(11) NOT NULL,
  PRIMARY KEY (`to_spot_id`),
  KEY `user_ID` (`user_ID`),
  KEY `SPOT_ID` (`SPOT_ID`)
) ENGINE=InnoDB AUTO_INCREMENT=69 DEFAULT CHARSET=utf8;

--
-- Déchargement des données de la table `ss_to_spots`
--

INSERT IGNORE INTO `ss_to_spots` (`to_spot_id`, `SPOT_ID`, `user_ID`) VALUES
(10, 60, 44),
(11, 60, 44),
(14, 54, 44),
(15, 54, 44),
(20, 129, 55),
(28, 135, 52),
(29, 135, 52),
(34, 133, 43),
(41, 135, 43),
(42, 145, 43),
(43, 100, 43),
(44, 100, 43),
(45, 97, 43),
(49, 154, 42),
(50, 156, 42),
(51, 154, 43),
(52, 158, 44),
(57, 163, 44),
(58, 164, 44),
(66, 335, 89),
(67, 395, 79),
(68, 400, 118);

-- --------------------------------------------------------

--
-- Structure de la table `ss_users`
--

CREATE TABLE IF NOT EXISTS `ss_users` (
  `id_user` int(11) NOT NULL AUTO_INCREMENT,
  `access_token` varchar(255) NOT NULL,
  `name` varchar(255) NOT NULL,
  `email` varchar(255) NOT NULL,
  `picture` varchar(255) NOT NULL,
  `quote` varchar(255) NOT NULL,
  `livesIn` varchar(100) NOT NULL,
  `from` varchar(100) NOT NULL,
  `plan` varchar(100) NOT NULL,
  `created_at` varchar(50) NOT NULL,
  `updated_at` varchar(50) NOT NULL,
  `last_ip` varchar(50) NOT NULL,
  `last_login` varchar(50) NOT NULL,
  PRIMARY KEY (`id_user`)
) ENGINE=InnoDB AUTO_INCREMENT=24 DEFAULT CHARSET=utf8;

--
-- Déchargement des données de la table `ss_users`
--

INSERT IGNORE INTO `ss_users` (`id_user`, `access_token`, `name`, `email`, `picture`, `quote`, `livesIn`, `from`, `plan`, `created_at`, `updated_at`, `last_ip`, `last_login`) VALUES
(9, '7ExVZSTgeG4cL5Bw', 'Julien Breem', 'julienbreem@gmail.com', '', '', '', '', '', '2017-03-22T12:13:06.736Z', '2017-05-04T18:00:51.146Z', '::1', '2017-05-04 20:00:52'),
(11, 'MRALL6S5kGJylU46', 'test test', 'test@test.com', '', '', '', '', '', '2017-03-22T12:19:07.506Z', '2017-03-22T12:58:06.828Z', '::1', '2017-03-22 13:58:12'),
(13, 'I05WrhFXTcji3TfY', 'prenom nom', 'prenom@test.com', '', '', '', '', '', '2017-05-04T17:03:46.068Z', '2017-05-04T17:03:46.657Z', '', ''),
(14, '7NIW4q8M_Kk5StXD', 'boudin jacques', 'jacques@test.com', '', '', '', '', '', '2017-05-04T17:04:29.554Z', '2017-05-04T17:04:29.927Z', '', ''),
(15, 'JQGGiPeX9W8bAeRm', 'albin pierre', 'pierre@test.com', '', '', '', '', '', '2017-05-04T17:05:02.435Z', '2017-05-04T17:05:02.883Z', '', ''),
(16, '8FGpE7oWpv-_cEtF', 'Hollian Bob', 'bob@test.com', '', '', '', '', '', '2017-05-04T17:14:45.699Z', '2017-05-04T17:14:46.253Z', '', ''),
(17, 'bZ1_OrMtfSVUqtfJ', 'Valérie Wozniak', '', '', '', '', '', '', '2017-05-12T16:39:13.158Z', '2017-05-12T16:39:13.329Z', '', ''),
(20, 'VWxRd9U-N3trKym511jCmLskM0SG2mnW', 'Julien Breem', '', 'j6Rhs60awCb5pRZoIprRH-BqJ3ZxrYpl.jpg', 'Is this the real life?', 'tester', 'test', 'test', '2017-09-05T14:08:04.481Z', '2017-12-10T10:53:55.705Z', '2a02:a03f:407f:6100:5517:de0d:6ce0:7aab', '2017-12-10 11:54:10'),
(21, '96Ersrm89J-SLQaX4IhLFo5x1y2399CC', 'Sandra Cassot', '', 'EuGUHDQOC-vfQxg_Cxn-ZAyUs939e3GV.jpg', '“I am not the same, having seen the moon shine on the other side of the world”', 'luxembourg', 'paris', '', '2017-10-23T20:44:04.808Z', '2017-11-28T13:27:59.893Z', '165.225.76.124', '2017-11-28 14:28:03'),
(22, 'gneX973Rpkel2zbRBb0U-1jK5LKKAYnz', 'Flo No', '', '5dApDZrdX8i0nNBgOA2SXXF9yVePsYtc.jpg', '', '', '', '', '2017-10-31T20:42:14.449Z', '2017-10-31T20:42:14.619Z', '', ''),
(23, 'cQeug2klWpN-bGUeiv0kIpXnx6sIlTk_', 'undefined undefined', 'omar.eddasser@gmail.com', 'ieTfyCEOJoWwoNeTCVLzS3QJJEz0p5hy.png', '', '', '', '', '2017-11-14T14:31:43.402Z', '2017-11-14T14:31:43.786Z', '', '');

-- --------------------------------------------------------

--
-- Structure de la table `ss_users_spotlater`
--

CREATE TABLE IF NOT EXISTS `ss_users_spotlater` (
  `spot_id` int(11) NOT NULL,
  `user_id` int(11) NOT NULL,
  PRIMARY KEY (`spot_id`,`user_id`),
  KEY `user_id` (`user_id`)
) ENGINE=InnoDB DEFAULT CHARSET=utf8 COLLATE=utf8_bin;

-- --------------------------------------------------------

--
-- Structure de la table `ss_users_spots`
--

CREATE TABLE IF NOT EXISTS `ss_users_spots` (
  `spot_id` int(11) NOT NULL,
  `user_id` int(11) NOT NULL,
  `date` timestamp NOT NULL DEFAULT CURRENT_TIMESTAMP,
  PRIMARY KEY (`spot_id`,`user_id`),
  KEY `user_id` (`user_id`)
) ENGINE=InnoDB DEFAULT CHARSET=utf8 COLLATE=utf8_bin;

--
-- Déchargement des données de la table `ss_users_spots`
--

INSERT IGNORE INTO `ss_users_spots` (`spot_id`, `user_id`, `date`) VALUES
(0, 0, '2017-10-22 21:33:03'),
(11, 9, '2017-04-06 11:48:11'),
(36, 17, '2017-05-12 16:40:46'),
(36, 20, '2017-11-14 21:05:00'),
(37, 17, '2017-05-12 16:41:35'),
(38, 17, '2017-05-12 16:42:03'),
(38, 20, '2017-12-09 12:20:24'),
(39, 17, '2017-05-12 16:42:35'),
(40, 17, '2017-05-12 16:44:13'),
(41, 17, '2017-05-12 16:45:37'),
(42, 17, '2017-05-12 16:47:46'),
(43, 17, '2017-05-12 16:49:01'),
(44, 17, '2017-05-12 16:49:26'),
(46, 20, '2017-11-06 23:40:25'),
(47, 20, '2017-10-23 21:35:46'),
(48, 21, '2017-11-08 13:57:27'),
(51, 20, '2017-12-09 23:56:49'),
(53, 20, '2017-10-23 21:22:18'),
(57, 20, '2017-11-14 21:15:58'),
(57, 21, '2017-10-24 07:50:41'),
(62, 21, '2017-10-24 07:54:00'),
(116, 20, '2017-11-06 23:05:09'),
(116, 23, '2017-11-14 14:32:53'),
(119, 20, '2017-11-06 23:27:31'),
(120, 20, '2017-11-11 12:21:23');

-- --------------------------------------------------------

--
-- Structure de la table `ss_user_spotsbook`
--

CREATE TABLE IF NOT EXISTS `ss_user_spotsbook` (
  `ID` int(11) NOT NULL AUTO_INCREMENT,
  `spotsbook_name` int(11) NOT NULL,
  `spot_name` int(11) NOT NULL,
  `user_ID` int(11) NOT NULL,
  PRIMARY KEY (`ID`),
  KEY `spotsbook_name` (`spotsbook_name`),
  KEY `spot_name` (`spot_name`),
  KEY `user_ID` (`user_ID`),
  KEY `user_ID_2` (`user_ID`)
) ENGINE=InnoDB AUTO_INCREMENT=115 DEFAULT CHARSET=utf8;

--
-- Déchargement des données de la table `ss_user_spotsbook`
--

INSERT IGNORE INTO `ss_user_spotsbook` (`ID`, `spotsbook_name`, `spot_name`, `user_ID`) VALUES
(1, 21, 34, 45),
(2, 21, 37, 45),
(3, 22, 51, 46),
(4, 22, 54, 46),
(5, 22, 56, 46),
(6, 22, 60, 46),
(7, 22, 65, 46),
(8, 24, 68, 46),
(9, 24, 69, 46),
(10, 24, 70, 46),
(11, 24, 71, 46),
(12, 22, 72, 46),
(13, 24, 74, 46),
(14, 25, 42, 43),
(15, 22, 75, 46),
(16, 22, 76, 46),
(18, 25, 71, 43),
(20, 27, 118, 49),
(21, 27, 116, 49),
(22, 27, 117, 49),
(24, 27, 120, 49),
(25, 27, 121, 49),
(26, 27, 119, 49),
(36, 35, 33, 42),
(38, 23, 153, 46),
(39, 35, 152, 42),
(43, 35, 168, 42),
(44, 25, 95, 43),
(45, 32, 95, 43),
(46, 38, 84, 73),
(48, 39, 159, 76),
(49, 39, 160, 76),
(50, 39, 178, 76),
(51, 21, 230, 45),
(52, 40, 248, 80),
(53, 40, 249, 80),
(54, 40, 247, 80),
(55, 40, 250, 80),
(56, 40, 251, 80),
(57, 40, 252, 80),
(58, 40, 253, 80),
(60, 41, 254, 80),
(61, 41, 255, 80),
(62, 41, 256, 80),
(63, 41, 257, 80),
(64, 41, 258, 80),
(65, 42, 262, 75),
(66, 42, 263, 75),
(67, 42, 264, 75),
(68, 42, 265, 75),
(69, 43, 267, 75),
(70, 44, 269, 54),
(71, 44, 270, 54),
(72, 44, 271, 54),
(73, 44, 272, 54),
(74, 44, 273, 54),
(75, 44, 274, 54),
(77, 46, 275, 54),
(79, 46, 276, 54),
(80, 44, 277, 54),
(81, 47, 278, 54),
(82, 44, 283, 54),
(83, 44, 293, 54),
(84, 44, 294, 54),
(85, 44, 27, 54),
(86, 44, 295, 54),
(87, 48, 296, 54),
(88, 48, 297, 54),
(89, 50, 338, 96),
(90, 21, 346, 45),
(91, 21, 348, 45),
(94, 51, 349, 45),
(95, 52, 345, 45),
(96, 52, 230, 45),
(97, 54, 381, 112),
(98, 55, 32, 112),
(99, 55, 381, 112),
(101, 56, 383, 112),
(102, 57, 192, 112),
(103, 58, 384, 112),
(104, 59, 384, 112),
(105, 60, 384, 112),
(106, 61, 385, 112),
(107, 62, 385, 112),
(108, 63, 385, 112),
(109, 22, 391, 46),
(110, 22, 398, 46),
(111, 22, 399, 46),
(112, 22, 400, 46),
(113, 22, 396, 46),
(114, 22, 401, 46);

--
-- Contraintes pour les tables déchargées
--

--
-- Contraintes pour la table `ss_address_component`
--
ALTER TABLE `ss_address_component`
  ADD CONSTRAINT `ss_address_component_ibfk_1` FOREIGN KEY (`type`) REFERENCES `ss_address_component_types` (`address_component_types_id`) ON UPDATE CASCADE,
  ADD CONSTRAINT `ss_address_component_ibfk_2` FOREIGN KEY (`spots_id`) REFERENCES `ss_spots` (`ss_spots_id`) ON DELETE CASCADE ON UPDATE CASCADE;

--
-- Contraintes pour la table `ss_category_spots`
--
ALTER TABLE `ss_category_spots`
  ADD CONSTRAINT `ss_category_spots_ibfk_1` FOREIGN KEY (`spots_id`) REFERENCES `ss_spots` (`ss_spots_id`) ON DELETE CASCADE ON UPDATE CASCADE,
  ADD CONSTRAINT `ss_category_spots_ibfk_2` FOREIGN KEY (`category_id`) REFERENCES `ss_category` (`ID`) ON DELETE CASCADE ON UPDATE CASCADE;

--
-- Contraintes pour la table `ss_followers`
--
ALTER TABLE `ss_followers`
  ADD CONSTRAINT `ss_followers_ibfk_1` FOREIGN KEY (`follower_id`) REFERENCES `ss_users` (`id_user`) ON DELETE CASCADE ON UPDATE CASCADE,
  ADD CONSTRAINT `ss_followers_ibfk_2` FOREIGN KEY (`followed_id`) REFERENCES `ss_users` (`id_user`) ON DELETE CASCADE ON UPDATE CASCADE;

--
-- Contraintes pour la table `ss_identities`
--
ALTER TABLE `ss_identities`
  ADD CONSTRAINT `ss_identities_ibfk_1` FOREIGN KEY (`ss_user_id`) REFERENCES `ss_users` (`id_user`) ON DELETE CASCADE ON UPDATE CASCADE;

--
-- Contraintes pour la table `ss_spots`
--
ALTER TABLE `ss_spots`
  ADD CONSTRAINT `ss_spots_ibfk_1` FOREIGN KEY (`ss_country_code`) REFERENCES `ss_countries` (`COUNTRY_CODE`);
COMMIT;

/*!40101 SET CHARACTER_SET_CLIENT=@OLD_CHARACTER_SET_CLIENT */;
/*!40101 SET CHARACTER_SET_RESULTS=@OLD_CHARACTER_SET_RESULTS */;
/*!40101 SET COLLATION_CONNECTION=@OLD_COLLATION_CONNECTION */;
